OrderID,TaskChain,ActorCount,Makespan,Energy,SafetyViol
1,TaskD-TaskI-TaskN,207,1340.339241706692,1.1364013529498251,1.0759709775218822e-07
2,TaskE-TaskJ-TaskO,239,1276.6290001744549,1.6248876369634853,8.310210917845019e-07
3,TaskC-TaskH-TaskM,103,693.2502548580328,0.8293981379211829,7.09608778340923e-07
4,TaskE-TaskJ-TaskO,243,1172.2255337917202,1.167364809055512,6.210466178191218e-07
5,TaskE-TaskJ-TaskO,71,1253.0394503247398,1.4589564035326072,1.6442105506194384e-07
6,TaskB-TaskG-TaskL,136,1111.8718417456662,1.5585077954074906,4.837111550934023e-07
7,TaskC-TaskH-TaskM,123,932.9175712611618,1.492448797354293,7.827504666183417e-07
8,TaskC-TaskH-TaskM,40,1482.6787830234273,1.6373075312881156,3.1058769876240185e-07
9,TaskC-TaskH-TaskM,75,1130.2818561854044,0.807306497887807,3.1857293022989106e-07
10,TaskE-TaskJ-TaskO,130,1395.3088547456455,0.9211294399730259,1.3109496987640896e-08
11,TaskD-TaskI-TaskN,109,1270.2956858947014,1.842733102734974,1.8250096762892576e-07
12,TaskC-TaskH-TaskM,244,1092.8269320446607,1.6180983729081935,8.76651568870616e-07
13,TaskE-TaskJ-TaskO,95,884.0598177052746,0.9355179712232136,4.4732902672133e-07
14,TaskB-TaskG-TaskL,34,995.1790243694998,1.8104893248782952,9.843921542420896e-07
15,TaskD-TaskI-TaskN,125,955.6175094412894,1.0906774613894803,4.0175088393805467e-07
16,TaskB-TaskG-TaskL,140,757.096208870146,1.3739118610342682,7.180345902324388e-07
17,TaskD-TaskI-TaskN,249,1130.0563149919406,0.9742358154615924,2.8909985247568185e-07
18,TaskE-TaskJ-TaskO,54,1313.4706003918818,1.652132067706048,3.701715447295242e-07
19,TaskA-TaskF-TaskK,32,940.3393010897106,1.6002253052171214,1.9881872771498572e-07
20,TaskD-TaskI-TaskN,209,1432.7312998449474,1.0533349653993636,3.5359174481440106e-07
21,TaskB-TaskG-TaskL,43,688.4834428276533,1.8360809202284023,5.517651452164368e-07
22,TaskE-TaskJ-TaskO,44,1210.8727096774408,1.2815672290636546,9.91855152169457e-07
23,TaskD-TaskI-TaskN,217,1334.304047081082,1.1510181092848901,6.675596959410679e-07
24,TaskA-TaskF-TaskK,14,959.1938838037879,0.9827955073574426,2.0725349486423092e-07
25,TaskA-TaskF-TaskK,154,962.7886989714239,1.119401615018645,5.451182717563563e-08
26,TaskC-TaskH-TaskM,4,1208.5530351688803,0.8264323054685805,1.3509291650136552e-07
27,TaskC-TaskH-TaskM,49,1101.1982219919068,1.4999089909473389,5.66929649260317e-07
28,TaskB-TaskG-TaskL,104,600.5177313080986,1.8106768956127375,7.675087255285987e-07
29,TaskD-TaskI-TaskN,152,831.3253690921239,1.4587765393299703,9.410150152277395e-07
30,TaskD-TaskI-TaskN,93,997.290090390508,1.063128754308651,2.566494027685261e-08
31,TaskC-TaskH-TaskM,113,726.0603640629865,0.8404030138566473,5.275325401462512e-07
32,TaskD-TaskI-TaskN,167,905.1651367140192,1.0575536879105634,4.7615868266094503e-07
33,TaskD-TaskI-TaskN,185,731.0629149512131,1.2993457136853108,6.59494471755947e-07
34,TaskA-TaskF-TaskK,218,925.965873889322,1.7115337144397558,5.639830659206886e-07
35,TaskC-TaskH-TaskM,60,932.6754545357678,1.025411423045329,6.901687590766558e-07
36,TaskE-TaskJ-TaskO,4,1070.3509353187426,1.6637497440256235,6.615017589016985e-07
37,TaskC-TaskH-TaskM,66,981.6481352000999,1.8403201620222605,1.2584160760936675e-07
38,TaskE-TaskJ-TaskO,185,1100.5579442081512,1.3447362177300284,8.017207344825325e-07
39,TaskA-TaskF-TaskK,58,1076.7088014947842,1.785718389971112,1.320002499591616e-07
40,TaskB-TaskG-TaskL,118,1206.267998852862,1.4655888176421148,7.015453189570458e-07
41,TaskD-TaskI-TaskN,171,1174.7566081920231,1.564509004497086,4.2198391396420066e-07
42,TaskA-TaskF-TaskK,146,1153.6247670269433,1.4315341524058431,5.187122272308319e-07
43,TaskD-TaskI-TaskN,152,1620.9734856933442,1.35580726010161,9.042650342319535e-07
44,TaskB-TaskG-TaskL,178,1069.4805273284658,1.0815841301310192,8.909848892087517e-07
45,TaskB-TaskG-TaskL,204,1518.7143007717723,1.1638328713532553,8.196777425984793e-07
46,TaskA-TaskF-TaskK,56,1082.4436804487866,1.1479641427323308,5.150468966517601e-07
47,TaskB-TaskG-TaskL,140,983.4298170388216,1.4759467171445777,7.388774120324948e-07
48,TaskE-TaskJ-TaskO,205,925.3669635573606,0.9439444316286679,5.177680849636213e-07
49,TaskB-TaskG-TaskL,183,1301.9451596896859,1.9001500288428022,8.709100216500297e-07
50,TaskD-TaskI-TaskN,60,1328.1006785775876,1.6647861743397359,4.0874807490057094e-07
51,TaskD-TaskI-TaskN,120,1119.9567711929458,1.2817347570958324,9.70532990970728e-07
52,TaskD-TaskI-TaskN,157,1226.7093549005413,0.9903489734316536,9.329995306465888e-07
53,TaskD-TaskI-TaskN,172,744.5559068153833,1.858390603665963,7.441865932572677e-07
54,TaskE-TaskJ-TaskO,38,690.2440354975577,1.7885337081213981,2.866217253343113e-07
55,TaskC-TaskH-TaskM,66,1249.2653771594908,1.6660658632606151,1.4033705290532583e-07
56,TaskA-TaskF-TaskK,247,974.6377004193956,1.1258564568934908,8.561564155922656e-07
57,TaskD-TaskI-TaskN,28,1149.8604834795005,1.2829359649204028,1.736492632765817e-07
58,TaskB-TaskG-TaskL,93,856.5424100087844,0.923297902942908,8.557181811073624e-07
59,TaskD-TaskI-TaskN,78,1331.3976939409552,1.026847429673038,4.958573566452369e-07
60,TaskB-TaskG-TaskL,41,691.9162656221927,1.7396199647800794,4.124912159700232e-07
61,TaskB-TaskG-TaskL,133,722.8829827034623,1.6580464626208204,9.041588710460849e-07
62,TaskD-TaskI-TaskN,138,1288.862316742469,1.5121829155711217,6.078124727148752e-07
63,TaskE-TaskJ-TaskO,213,478.03164140341994,1.8748720711114075,5.808478670584206e-07
64,TaskB-TaskG-TaskL,222,1075.7137736189832,1.4999198213756544,5.631782851781538e-07
65,TaskB-TaskG-TaskL,165,978.5348008806847,1.3603615999563328,3.7745782085933613e-07
66,TaskD-TaskI-TaskN,94,852.809616159994,1.2084448955669154,7.87786672493836e-07
67,TaskB-TaskG-TaskL,20,960.0120302819263,1.9285382068834072,2.602704595756153e-07
68,TaskB-TaskG-TaskL,131,830.495301382038,0.8992585538292243,9.395060104408624e-07
69,TaskD-TaskI-TaskN,174,1308.4511892096998,1.91706484647297,8.950453529964913e-07
70,TaskD-TaskI-TaskN,190,1360.899417672322,1.7920575919172221,3.4410552241814923e-07
71,TaskA-TaskF-TaskK,111,862.8524826423311,0.9559159094428415,7.321691321333471e-07
72,TaskE-TaskJ-TaskO,254,1055.1049754937062,1.4779812292103043,5.774909625050956e-07
73,TaskE-TaskJ-TaskO,182,734.9847058127905,1.8398575780989042,3.4427280897924226e-07
74,TaskB-TaskG-TaskL,185,1214.6104318006253,1.4861709963285845,9.886364315154922e-07
75,TaskE-TaskJ-TaskO,155,1209.401834928663,1.8886397858727468,3.498497238978156e-08
76,TaskB-TaskG-TaskL,28,940.947553458462,1.931580580179251,2.601195703150738e-07
77,TaskA-TaskF-TaskK,202,1003.377011683979,1.306861426621167,5.24873320500039e-07
78,TaskD-TaskI-TaskN,183,981.2469100954659,1.2527763936875884,5.267334734437783e-07
79,TaskD-TaskI-TaskN,201,676.3084332639448,1.9235853847629882,5.930437441961085e-07
80,TaskD-TaskI-TaskN,248,1309.2008295200253,1.6101680733796018,7.541594103026901e-07
81,TaskE-TaskJ-TaskO,91,846.6093522235138,0.9392272176178031,6.272430522141035e-07
82,TaskA-TaskF-TaskK,164,847.9701455484158,0.8507500990672174,6.042786459227567e-07
83,TaskE-TaskJ-TaskO,180,969.9160291076334,1.4775548611967158,6.297931828391286e-08
84,TaskE-TaskJ-TaskO,32,1199.1097170724556,1.9162051585261095,3.827649849114054e-07
85,TaskA-TaskF-TaskK,66,881.7393569815938,1.813098442886982,2.3973518230414443e-07
86,TaskA-TaskF-TaskK,238,609.5629557193112,1.6110172957572038,2.727164104859557e-07
87,TaskA-TaskF-TaskK,153,822.6003878540932,0.9669390186693051,5.587940995969414e-07
88,TaskA-TaskF-TaskK,157,1084.828083815798,1.1050776604984347,2.0751026178031238e-07
89,TaskD-TaskI-TaskN,159,1437.9500575618374,1.8506134718631393,3.010096100067286e-07
90,TaskC-TaskH-TaskM,117,748.0160067253689,1.0193686839882805,2.447138614321667e-07
91,TaskC-TaskH-TaskM,216,740.6996465038342,1.1341272899005215,9.490179137860128e-07
92,TaskA-TaskF-TaskK,52,697.4808998322369,0.9555207814345303,9.452190748493843e-07
93,TaskC-TaskH-TaskM,202,672.6550017401319,1.6113298776972935,6.138421430100913e-07
94,TaskC-TaskH-TaskM,84,1241.138292016286,1.9327787664358516,9.252772440445809e-07
95,TaskA-TaskF-TaskK,87,1298.937715072876,1.1227616379144632,7.879545190136894e-07
96,TaskC-TaskH-TaskM,108,1035.5511787160806,1.3704879294200885,5.940484039737907e-07
97,TaskE-TaskJ-TaskO,180,906.4574455718287,1.5612076876534453,1.6370859381827755e-08
98,TaskB-TaskG-TaskL,151,1358.2287573725253,1.9993594978587568,7.747911232186101e-07
99,TaskB-TaskG-TaskL,121,1034.781608331301,0.9257696779970865,7.054634581725842e-07
100,TaskA-TaskF-TaskK,89,1217.8873418720868,1.3982849594068512,6.191011167495899e-07
101,TaskD-TaskI-TaskN,223,896.7102116556368,1.2621441438830001,7.62820068565647e-07
102,TaskA-TaskF-TaskK,66,1008.8487708447548,1.8389841982668262,5.177929431270181e-07
103,TaskD-TaskI-TaskN,192,752.5316709105907,1.3711612772139872,7.070424386081258e-07
104,TaskB-TaskG-TaskL,107,1125.849794378717,0.9331730295021777,9.358203658592285e-07
105,TaskA-TaskF-TaskK,52,1038.187550154663,1.5613089743439004,3.8204696568762543e-07
106,TaskE-TaskJ-TaskO,74,821.0873535172432,1.7249367419166557,7.110406165516192e-07
107,TaskC-TaskH-TaskM,4,823.7785700947077,0.8034575019987376,4.809309398308491e-07
108,TaskD-TaskI-TaskN,227,1323.1917006677486,1.8307480225047554,6.776556552958418e-07
109,TaskC-TaskH-TaskM,144,1394.3337500923633,1.0232276000067988,7.652644021988205e-07
110,TaskC-TaskH-TaskM,225,957.3729326665358,1.4624832375840535,5.499797543143801e-08
111,TaskA-TaskF-TaskK,218,1013.5507145524325,1.2989570008249403,6.501344395091753e-07
112,TaskC-TaskH-TaskM,182,1080.0228949296434,1.6635845799326365,2.3447377256287516e-07
113,TaskE-TaskJ-TaskO,126,1029.6063516319375,1.2453939377428902,6.733322124294912e-07
114,TaskC-TaskH-TaskM,187,665.140455892274,1.843715812018053,4.7364688407447535e-07
115,TaskA-TaskF-TaskK,214,1085.5741354380773,1.6765956331505483,7.758172144462384e-07
116,TaskE-TaskJ-TaskO,65,582.4221930798783,1.577255805275506,1.3216680705354049e-07
117,TaskB-TaskG-TaskL,35,853.4631617484762,1.7554887146754252,6.300591281396331e-07
118,TaskC-TaskH-TaskM,161,1101.0854293249636,1.7048276419140587,2.8568602163827684e-07
119,TaskA-TaskF-TaskK,32,1119.9988415849675,0.8431264099058641,8.544521753772856e-07
120,TaskB-TaskG-TaskL,52,837.985383158102,1.2736812246137938,9.290996705799444e-07
121,TaskB-TaskG-TaskL,176,908.3126119626165,1.9169687567797877,9.964343107422648e-07
122,TaskD-TaskI-TaskN,224,881.2326982003093,0.9508691227906715,7.980473284030105e-07
123,TaskE-TaskJ-TaskO,33,979.431167372786,1.6845158605184616,7.561967297237246e-07
124,TaskC-TaskH-TaskM,147,994.6411306728673,1.9695101736023957,2.2334575127887556e-07
125,TaskA-TaskF-TaskK,171,1133.693625905822,0.862638354853966,3.4264698840020766e-07
126,TaskD-TaskI-TaskN,22,896.6206274220433,1.6186326567519327,4.710257163446568e-07
127,TaskE-TaskJ-TaskO,21,1074.679238382711,1.3617849695612365,7.756472373044272e-07
128,TaskD-TaskI-TaskN,4,1101.4031528974383,1.4950103064496667,9.15816206427189e-07
129,TaskE-TaskJ-TaskO,81,1039.657875474373,0.9024096037811898,1.972477090227548e-07
130,TaskE-TaskJ-TaskO,118,948.0788355101051,0.8516083422403274,9.231438098234019e-07
131,TaskC-TaskH-TaskM,178,1036.1290928550882,1.600239992661106,6.986684058305175e-07
132,TaskE-TaskJ-TaskO,245,1150.3480546787152,1.7879713157848616,6.146630233781883e-07
133,TaskD-TaskI-TaskN,197,1167.8369735432625,1.7384184019195608,2.0784285856912014e-07
134,TaskE-TaskJ-TaskO,249,1363.0745369653812,1.4525668734394848,6.496978248105906e-08
135,TaskC-TaskH-TaskM,223,801.9947527387477,0.9198401853634138,5.727802495228605e-07
136,TaskC-TaskH-TaskM,116,911.9985218009194,1.6256533326032168,6.550005264956035e-07
137,TaskD-TaskI-TaskN,117,677.3062679463196,1.090266660264975,2.1867363486114138e-07
138,TaskB-TaskG-TaskL,225,1186.201892865571,1.8932824433208604,5.608916437672019e-07
139,TaskB-TaskG-TaskL,169,933.0984987286506,1.805918431454846,8.579284687349479e-07
140,TaskE-TaskJ-TaskO,182,1041.2381964058652,1.6512595605048692,8.367152860004698e-07
141,TaskA-TaskF-TaskK,66,879.132286110672,1.9386151469973565,9.280816287804343e-07
142,TaskE-TaskJ-TaskO,135,934.659201004435,0.8377061858135275,3.7222695146131166e-07
143,TaskD-TaskI-TaskN,132,1244.6380210853317,1.6834405100729144,3.248690768254095e-07
144,TaskD-TaskI-TaskN,11,1138.8466820971967,1.1962913352036864,7.519317459210006e-07
145,TaskD-TaskI-TaskN,160,977.6955884682109,1.8872790628236382,4.3680128104603495e-07
146,TaskD-TaskI-TaskN,58,1153.5627838952794,1.120010235994373,9.66731773875028e-08
147,TaskD-TaskI-TaskN,106,1157.9800160075747,1.6698277991780204,2.8997311936379475e-07
148,TaskC-TaskH-TaskM,134,921.7148966626529,1.8531764235809376,4.2439646267617427e-07
149,TaskB-TaskG-TaskL,35,706.1840878727583,0.849988182059219,2.995912612214895e-07
150,TaskD-TaskI-TaskN,13,820.1676745995921,1.2771770955104433,3.388835152378484e-07
151,TaskA-TaskF-TaskK,205,731.8942793234967,1.7147708384263263,3.0083814711264685e-07
152,TaskA-TaskF-TaskK,214,1232.8869291985814,1.3459026674091046,5.108417551124865e-08
153,TaskA-TaskF-TaskK,113,1267.6230432895363,1.1207031557523144,6.407237538161981e-07
154,TaskA-TaskF-TaskK,165,1317.2747760318034,1.0637664185878282,6.013194961499346e-07
155,TaskC-TaskH-TaskM,127,596.0888902045663,0.9578219202996535,6.568496634938939e-07
156,TaskA-TaskF-TaskK,228,1214.2801820747443,1.8285554718275387,2.003867970732912e-07
157,TaskD-TaskI-TaskN,90,1442.438261876937,1.4904264839018673,3.0269799619636046e-07
158,TaskE-TaskJ-TaskO,58,1222.397542762129,0.8916619339897472,6.234197676754732e-07
159,TaskA-TaskF-TaskK,223,569.7540764258661,1.2590963882847626,6.036312927753222e-07
160,TaskC-TaskH-TaskM,35,1353.6596616793545,1.241280380966132,5.112670062607251e-07
161,TaskC-TaskH-TaskM,181,1008.3378074263883,1.0180870288513557,3.569091175100955e-07
162,TaskA-TaskF-TaskK,138,953.5201786999057,1.3226091505666289,9.138016947269431e-07
163,TaskE-TaskJ-TaskO,96,1090.2190593165956,1.1985192384717638,3.4637253987585536e-07
164,TaskA-TaskF-TaskK,11,790.1986154859028,1.210164446590619,4.6106296487287913e-07
165,TaskC-TaskH-TaskM,68,1000.5564741843158,1.6868318693455504,6.813326926446667e-07
166,TaskB-TaskG-TaskL,60,1324.0859290208148,1.0679160626062356,5.475912165580965e-07
167,TaskD-TaskI-TaskN,250,1124.4793741046576,1.5702319506264266,3.534171166007417e-07
168,TaskC-TaskH-TaskM,70,1011.6802944205336,1.484779548657122,4.4128834255194474e-07
169,TaskA-TaskF-TaskK,219,1017.9216319855218,1.4817110148054407,7.965360096749711e-07
170,TaskD-TaskI-TaskN,218,763.7212033402398,1.595608815370131,2.8534786393174633e-07
171,TaskA-TaskF-TaskK,190,970.0024217200549,1.4580584434347847,1.5083268737904728e-07
172,TaskA-TaskF-TaskK,256,673.1409328740465,1.8551061378156615,3.2003156981147934e-07
173,TaskB-TaskG-TaskL,75,1204.4881904787621,1.610696110340312,8.510388733330224e-07
174,TaskD-TaskI-TaskN,57,562.8579035049315,1.4563559016456658,9.809981770778319e-08
175,TaskD-TaskI-TaskN,252,1170.980075924142,1.795715744345174,9.917791126387272e-07
176,TaskB-TaskG-TaskL,242,1195.8821801668123,1.5273758779201758,5.45592869938386e-07
177,TaskC-TaskH-TaskM,232,1263.752923145439,1.149373097342215,9.84997286527423e-07
178,TaskA-TaskF-TaskK,70,1017.3718326323606,1.0485139018118854,9.396064578651178e-07
179,TaskE-TaskJ-TaskO,54,1183.3256932315057,0.9827933427952146,4.582855770688076e-07
180,TaskA-TaskF-TaskK,100,968.0506719269567,1.879346255055322,2.0650616385929562e-07
181,TaskA-TaskF-TaskK,95,762.6605764624132,1.6521625181576791,1.732359287994871e-07
182,TaskC-TaskH-TaskM,242,1306.146478507599,1.924854125797185,2.4758947023125793e-07
183,TaskA-TaskF-TaskK,11,980.6228340769851,1.5239501668579316,7.130313141588919e-07
184,TaskB-TaskG-TaskL,165,718.0977365053611,1.368081057793895,2.80220494784173e-07
185,TaskB-TaskG-TaskL,38,906.6370108420435,0.8716597867650673,3.4801101690825536e-07
186,TaskD-TaskI-TaskN,99,914.5350634863657,1.6059707378552357,4.5429101595466866e-07
187,TaskE-TaskJ-TaskO,91,1092.3393836248424,1.4986505117218774,9.141003536172419e-07
188,TaskA-TaskF-TaskK,81,1469.4094966745463,1.9882506723051456,1.9749948370599764e-07
189,TaskA-TaskF-TaskK,35,1104.483722656513,1.0869905333386916,1.4976287083705083e-08
190,TaskC-TaskH-TaskM,123,1041.368770399305,1.436884826344203,6.949544627438845e-08
191,TaskB-TaskG-TaskL,49,1491.155239912511,1.581148802141687,9.057186782633168e-07
192,TaskE-TaskJ-TaskO,238,1195.778707982545,1.5735094096908124,6.510413001949295e-07
193,TaskD-TaskI-TaskN,147,1050.8498408269857,1.4735522515380834,2.803102131345287e-07
194,TaskB-TaskG-TaskL,199,904.117628236381,1.7323136123926706,1.8542057600107923e-07
195,TaskD-TaskI-TaskN,247,1063.2400152409123,1.0459774514321798,3.013240692707432e-07
196,TaskC-TaskH-TaskM,168,986.7219191813726,1.6707526403292992,1.236489579787673e-07
197,TaskC-TaskH-TaskM,185,1018.2868255117993,1.543681485719707,9.421175811815968e-07
198,TaskA-TaskF-TaskK,216,1262.8804849538947,1.875290134153488,7.863641126216142e-07
199,TaskE-TaskJ-TaskO,145,891.9355633725024,1.816633326840298,4.677672651434154e-07
200,TaskD-TaskI-TaskN,226,1102.7081416327028,1.1781764469590639,8.6631297906405e-07
201,TaskB-TaskG-TaskL,58,1189.7879979675188,1.1314847899701836,2.569636222503e-07
202,TaskC-TaskH-TaskM,179,867.5774966351181,1.9779839886229373,7.199493627874716e-07
203,TaskA-TaskF-TaskK,213,835.4757169021798,1.4327182170983077,8.575711740236061e-07
204,TaskA-TaskF-TaskK,10,969.9316154838193,1.8877051566973242,3.6320102450703994e-07
205,TaskD-TaskI-TaskN,77,907.6740819487078,0.9966572285365787,7.598898009962106e-07
206,TaskC-TaskH-TaskM,10,1230.4665217483007,1.571382697760209,3.021216257716663e-07
207,TaskE-TaskJ-TaskO,164,799.646344287069,1.7718322248327034,3.058685639064405e-07
208,TaskC-TaskH-TaskM,154,1013.694273705734,1.9368742995037362,1.1598660676864421e-07
209,TaskD-TaskI-TaskN,88,1509.209666680895,1.2048081692204282,4.4565746604430475e-07
210,TaskD-TaskI-TaskN,150,1082.6113067572364,1.669977403908863,7.32414787432448e-07
211,TaskC-TaskH-TaskM,115,1115.8580288609771,1.446575610847543,9.408185975155722e-07
212,TaskD-TaskI-TaskN,128,1232.136499139425,0.8727547112797619,6.077590220098052e-07
213,TaskC-TaskH-TaskM,150,907.4101869149281,1.627999684770732,8.645041823583817e-07
214,TaskB-TaskG-TaskL,39,783.7160742509193,1.6281158698854121,8.242697027973249e-07
215,TaskC-TaskH-TaskM,32,1035.302255232549,1.9167281658158444,1.8160962244552806e-07
216,TaskC-TaskH-TaskM,191,1053.0807656697075,1.396774935402767,4.909592546235052e-07
217,TaskD-TaskI-TaskN,85,676.3578410573678,1.0763011048526177,1.2575430017013756e-07
218,TaskD-TaskI-TaskN,5,1075.0143829365556,0.853476588138415,6.853316299460187e-07
219,TaskA-TaskF-TaskK,132,1213.9700997402078,1.2987706240230867,9.504006715636152e-07
220,TaskA-TaskF-TaskK,50,817.4103853951981,1.1623000400930021,1.4571856349796896e-07
221,TaskB-TaskG-TaskL,200,1087.1111696749626,1.7133059672286506,7.36544299494516e-07
222,TaskA-TaskF-TaskK,151,1178.4527320740267,1.225121317809256,6.359157693591824e-07
223,TaskC-TaskH-TaskM,14,1117.335641706016,1.9388854355778127,5.877689866380187e-07
224,TaskD-TaskI-TaskN,237,1136.2012477483113,1.9547722435853412,3.962190323414559e-07
225,TaskA-TaskF-TaskK,133,951.0399516387398,1.5450903082612497,3.615803312762745e-07
226,TaskA-TaskF-TaskK,198,774.4991324518808,1.9143923444178594,5.479669712869898e-08
227,TaskB-TaskG-TaskL,218,910.5707075232174,1.7130252134173949,2.2572962116949336e-07
228,TaskB-TaskG-TaskL,122,882.7885796258751,1.4562315691701513,2.502511346395863e-08
229,TaskC-TaskH-TaskM,143,983.9481907584908,1.0163695225073337,5.856029345262004e-07
230,TaskD-TaskI-TaskN,23,1218.654181091986,1.350317532216608,1.1479470351912976e-07
231,TaskB-TaskG-TaskL,8,737.6319743671663,1.473049356035141,8.74289200089419e-07
232,TaskA-TaskF-TaskK,40,1028.8500045634783,1.8367538968820123,5.279115904901936e-07
233,TaskD-TaskI-TaskN,169,787.3196708964294,1.3776000518427978,7.026930099681214e-07
234,TaskD-TaskI-TaskN,225,851.9906164354458,1.877209607213548,4.167485209220915e-07
235,TaskA-TaskF-TaskK,140,1111.7481505223684,1.6092187748281628,5.649740109110382e-07
236,TaskB-TaskG-TaskL,229,762.0109893268602,0.9643988756644057,9.432325851969642e-07
237,TaskA-TaskF-TaskK,56,1146.8488579405957,1.9939776431901115,9.190669922743406e-08
238,TaskD-TaskI-TaskN,175,729.567110675055,1.4326791929046951,2.613983942044592e-07
239,TaskE-TaskJ-TaskO,102,1133.396080687632,1.2702299556908947,7.821884436414389e-07
240,TaskE-TaskJ-TaskO,247,690.0937460842977,1.5909365173634318,1.077498348138392e-07
241,TaskC-TaskH-TaskM,253,876.4374641486769,0.9306719767772469,8.490449286506973e-08
242,TaskA-TaskF-TaskK,89,1379.2988766259123,1.563846376104025,3.679259847664982e-07
243,TaskA-TaskF-TaskK,111,1341.7092739533773,1.3978832005991277,1.01246278887708e-07
244,TaskC-TaskH-TaskM,27,917.495069496571,1.2880088839982997,5.892276577841411e-07
245,TaskC-TaskH-TaskM,84,1077.9921172059803,1.943624025414679,2.3401249830843384e-07
246,TaskC-TaskH-TaskM,205,1240.8136037769768,1.4270476600784638,8.967409835673787e-07
247,TaskD-TaskI-TaskN,161,1136.2592348840942,1.062940975363926,7.856650800368041e-07
248,TaskA-TaskF-TaskK,123,945.3071507090352,1.3507561752527584,7.027081540384814e-07
249,TaskD-TaskI-TaskN,62,850.2729371927334,1.9032648854872072,6.20774587110657e-07
250,TaskC-TaskH-TaskM,241,1173.620628591586,1.0113145655967137,8.648310730380487e-07
251,TaskA-TaskF-TaskK,218,1226.1406617229002,1.0567484464258843,2.3083144092732933e-07
252,TaskD-TaskI-TaskN,131,1343.1403668788776,0.8156354813085005,8.743777543365854e-07
253,TaskD-TaskI-TaskN,227,662.5501153093858,0.8170280592749206,7.915973754398119e-07
254,TaskC-TaskH-TaskM,212,749.3750423597895,1.795269952350215,7.506792181238088e-07
255,TaskA-TaskF-TaskK,117,1232.3847204294161,1.6785471282115472,5.656431212941748e-07
256,TaskC-TaskH-TaskM,118,689.6938906499647,1.22604926774235,2.537817193608941e-07
257,TaskA-TaskF-TaskK,212,1247.7099909823864,1.6379733886730872,4.2931243683197743e-07
258,TaskE-TaskJ-TaskO,17,957.0134988029216,1.2742471115719642,7.956349479934137e-07
259,TaskB-TaskG-TaskL,12,895.8172361326631,1.943476155197393,4.1460699513751194e-08
260,TaskB-TaskG-TaskL,43,1041.085719254294,1.9604632177112418,7.842302615711208e-07
261,TaskB-TaskG-TaskL,197,730.9263095529002,1.2713525309712121,2.4767003308269086e-07
262,TaskC-TaskH-TaskM,240,1164.8029661196704,1.8250662876090415,1.5286610871438701e-07
263,TaskE-TaskJ-TaskO,28,1337.9273995389394,1.7277068500369595,1.2454430499849914e-07
264,TaskA-TaskF-TaskK,106,1174.1152431628484,1.1719999246061472,3.697751183130696e-08
265,TaskD-TaskI-TaskN,204,950.6982614891718,1.0784477946813271,5.283506203692384e-07
266,TaskA-TaskF-TaskK,249,692.3928584469118,1.3498815804714006,2.2607727396679221e-07
267,TaskD-TaskI-TaskN,25,700.0825087594135,1.7376186087372876,9.895374481218352e-07
268,TaskA-TaskF-TaskK,238,734.0713395521384,1.9522013416744946,5.786923883134838e-07
269,TaskE-TaskJ-TaskO,241,997.5443445775365,1.716294882639887,1.4650641666245034e-07
270,TaskD-TaskI-TaskN,7,1022.680012654521,1.826248382022044,6.918749154032517e-07
271,TaskC-TaskH-TaskM,157,1173.6887021481991,1.52367716740462,8.987661308446282e-07
272,TaskA-TaskF-TaskK,189,640.7942027033848,1.802489397010551,7.477277004159182e-07
273,TaskA-TaskF-TaskK,32,1262.24204607848,1.741305029604101,8.567546242905318e-08
274,TaskD-TaskI-TaskN,112,1138.8812637890742,1.252382650311536,8.96925339380733e-07
275,TaskC-TaskH-TaskM,101,934.632741387573,1.4623883625448655,7.959900920013651e-07
276,TaskC-TaskH-TaskM,218,762.0476916535799,1.7657037463876337,1.6672086110455822e-07
277,TaskE-TaskJ-TaskO,40,1249.8281283382237,0.8552680810279477,6.12680298454887e-08
278,TaskC-TaskH-TaskM,78,939.9812077525232,1.769695138826996,5.617374695611655e-07
279,TaskC-TaskH-TaskM,73,995.9962201311142,1.0134657488588281,1.6447545322657716e-07
280,TaskC-TaskH-TaskM,149,1076.7223941575865,1.4176203405457266,8.362450430693194e-07
281,TaskB-TaskG-TaskL,131,817.3602188436778,1.769930527467125,3.6475131010495704e-07
282,TaskE-TaskJ-TaskO,88,943.5638841949502,1.1045852937880338,9.137635202892097e-07
283,TaskA-TaskF-TaskK,45,1173.063380404076,1.0949689271673837,5.700312904195957e-07
284,TaskD-TaskI-TaskN,103,1152.819215699255,1.2833172781547022,1.9084566039727147e-07
285,TaskA-TaskF-TaskK,44,1154.6214413390476,1.8735713570931614,1.4820287868620212e-07
286,TaskE-TaskJ-TaskO,169,768.9640497719137,0.8005313377246495,5.807077131821764e-07
287,TaskD-TaskI-TaskN,37,952.6839298541718,1.8816597159703219,7.642647757438195e-07
288,TaskE-TaskJ-TaskO,20,920.721232990439,0.9845684295699294,7.836905912647603e-07
289,TaskC-TaskH-TaskM,168,1085.0357684549404,1.9881036512809784,2.829998303968685e-07
290,TaskD-TaskI-TaskN,156,1067.1315979297794,1.9458163916461617,2.1220429132304583e-07
291,TaskC-TaskH-TaskM,233,1031.0854661485873,1.39361022750954,2.658874144745859e-08
292,TaskA-TaskF-TaskK,125,1493.1467910839858,1.415264297375154,6.824071596891577e-07
293,TaskA-TaskF-TaskK,79,941.8387839711925,1.3778592083310253,8.58025758492036e-08
294,TaskD-TaskI-TaskN,90,918.4353827862911,1.5625323747914273,4.265535897482666e-07
295,TaskD-TaskI-TaskN,120,768.6500659327888,0.9088660426819173,6.056653423781132e-07
296,TaskE-TaskJ-TaskO,109,692.4305348142259,0.8391415380098799,9.377378554704802e-07
297,TaskE-TaskJ-TaskO,89,755.9365245568449,0.8692435140990786,3.1868411558621095e-07
298,TaskC-TaskH-TaskM,216,856.263614911344,1.3332384190898172,2.572744408220546e-07
299,TaskD-TaskI-TaskN,30,1262.0146188875706,1.13065752706338,6.576185527432374e-07
300,TaskA-TaskF-TaskK,60,1007.8327808723718,1.5464474748451926,6.230466417330459e-07
301,TaskE-TaskJ-TaskO,34,1038.6661333905467,1.9909307472497348,3.3878868547504337e-07
302,TaskE-TaskJ-TaskO,137,980.7453383595807,1.263587807691759,9.288208171546887e-07
303,TaskA-TaskF-TaskK,222,1073.0601986043578,1.488609504925416,8.464137042147365e-07
304,TaskE-TaskJ-TaskO,171,1280.4144294435687,1.2987246750888026,2.3174272040643037e-07
305,TaskC-TaskH-TaskM,101,601.2138327463929,1.8167260012662312,2.4675111998017794e-07
306,TaskD-TaskI-TaskN,15,1243.667463117076,1.8826836841546857,5.171773434182098e-07
307,TaskA-TaskF-TaskK,240,496.99230949299863,1.852826734646312,7.758363807134132e-07
308,TaskD-TaskI-TaskN,252,1005.6405423043856,1.969246686415109,5.3599975594579746e-08
309,TaskE-TaskJ-TaskO,56,1438.381470948883,0.8330230221684984,6.964018021973596e-07
310,TaskE-TaskJ-TaskO,202,1136.1315879063088,1.8077793945746372,6.517535384082761e-07
311,TaskA-TaskF-TaskK,141,1074.6117870641274,1.702126607646912,2.391652949538584e-07
312,TaskC-TaskH-TaskM,176,1400.3891933605946,1.0744332912804377,6.845394831089354e-07
313,TaskB-TaskG-TaskL,148,859.3874203997713,1.947584112065033,9.407813593395618e-07
314,TaskA-TaskF-TaskK,157,1086.7934844930096,0.9778135138759346,5.631798652205084e-08
315,TaskB-TaskG-TaskL,216,1115.6234194947785,1.61545991256069,3.2645553473914194e-07
316,TaskB-TaskG-TaskL,223,895.5195731545948,1.069868260179095,4.4379494949969177e-07
317,TaskC-TaskH-TaskM,193,913.1779641008039,1.3176567785288897,9.002677553354427e-07
318,TaskB-TaskG-TaskL,125,891.244113355332,1.6629918763334828,9.62638832143065e-07
319,TaskB-TaskG-TaskL,49,1017.4629948017127,1.4759895704396562,4.4967409403136897e-07
320,TaskC-TaskH-TaskM,67,1109.3383211542625,1.313002197593734,7.525281280207693e-07
321,TaskB-TaskG-TaskL,133,1024.6460545829325,1.1916061171183847,5.363444135268382e-07
322,TaskB-TaskG-TaskL,255,1141.8923634859711,1.8075915868505483,5.424051053939627e-07
323,TaskB-TaskG-TaskL,57,606.1705428052906,0.9725772203777765,2.853185199156929e-07
324,TaskA-TaskF-TaskK,110,956.3497672514327,1.31612345183576,2.2478668340524073e-07
325,TaskA-TaskF-TaskK,196,795.3161379298708,1.8845090861301705,2.9512529246480074e-07
326,TaskA-TaskF-TaskK,54,1060.3445025365797,1.8150194605519612,5.607647271845086e-07
327,TaskC-TaskH-TaskM,184,1057.3834857344646,1.281130114967656,3.886363416186811e-08
328,TaskE-TaskJ-TaskO,39,976.8755770085089,1.71573003632157,9.081764549128418e-07
329,TaskB-TaskG-TaskL,118,1102.0558021064141,1.787792996850631,1.6472087245427848e-07
330,TaskB-TaskG-TaskL,29,1199.5625436528055,1.8666649088043556,2.2788779010267272e-07
331,TaskC-TaskH-TaskM,32,987.8958955387383,1.4534069228590736,5.230934146831699e-07
332,TaskB-TaskG-TaskL,152,789.6610223800596,1.0453530632656542,7.130136186739066e-07
333,TaskA-TaskF-TaskK,14,683.7484858161038,1.106370891804718,1.0477176419695333e-07
334,TaskE-TaskJ-TaskO,43,1007.2220350660257,1.1548336088499251,3.245177505716906e-07
335,TaskD-TaskI-TaskN,14,1048.3733403027081,1.5125629769715387,9.689878595186136e-07
336,TaskB-TaskG-TaskL,167,806.0952220960041,0.8393715489543302,2.6971953711313626e-07
337,TaskA-TaskF-TaskK,116,1145.1533646326066,1.563250962535962,3.1991964361251546e-07
338,TaskD-TaskI-TaskN,190,908.2086228350853,1.2372250861138785,8.381335057118532e-07
339,TaskE-TaskJ-TaskO,42,668.7134269657699,1.1542901629875706,5.97122873735507e-08
340,TaskD-TaskI-TaskN,235,1251.2872684690378,1.8553958848737517,4.699670371208812e-07
341,TaskA-TaskF-TaskK,230,1228.7975838404327,1.3520028746969586,3.8582059680715357e-07
342,TaskD-TaskI-TaskN,57,596.8801126673804,0.9140636546392313,3.234208923095647e-07
343,TaskC-TaskH-TaskM,101,887.4799436692615,1.7920961216314963,2.928425981043169e-07
344,TaskD-TaskI-TaskN,58,879.6832637171448,0.8571695089238079,1.004603638118051e-07
345,TaskB-TaskG-TaskL,114,1327.8977318835005,1.672099069001836,3.216775710581324e-07
346,TaskB-TaskG-TaskL,155,980.1414579916687,1.7286874661247982,5.262187868851188e-08
347,TaskC-TaskH-TaskM,249,700.8243603889165,1.22312312711463,7.83154225007991e-07
348,TaskA-TaskF-TaskK,153,1176.4209564481757,1.7897454275333442,4.0424551601843157e-07
349,TaskB-TaskG-TaskL,72,753.8448908467838,1.4187912870277442,4.4946479399671253e-07
350,TaskE-TaskJ-TaskO,59,947.9319018556478,1.3559523839273562,8.946586405856303e-07
351,TaskB-TaskG-TaskL,36,846.0462244238247,0.8544839377624311,6.614744340226086e-07
352,TaskB-TaskG-TaskL,253,887.908980344012,1.148035032378687,1.7978512308698592e-08
353,TaskA-TaskF-TaskK,39,1187.4516179127877,1.9172119650623598,9.437430747316722e-07
354,TaskD-TaskI-TaskN,242,1304.266032266433,1.2701887559402,2.447730213179341e-07
355,TaskB-TaskG-TaskL,151,745.1262507241242,1.456040624668122,1.1653804291226026e-07
356,TaskC-TaskH-TaskM,214,1125.2152851015635,1.4384260147811023,7.704468965970735e-07
357,TaskD-TaskI-TaskN,230,853.4492740620008,1.508517307787232,5.05472542708051e-07
358,TaskE-TaskJ-TaskO,247,859.6656179951849,0.8735971467719392,4.394328603578374e-07
359,TaskA-TaskF-TaskK,238,1098.127244284543,1.234611505758474,2.5700804888591436e-07
360,TaskE-TaskJ-TaskO,84,794.4194468572609,1.667753928659065,5.519967749636954e-07
361,TaskD-TaskI-TaskN,193,1094.120520155009,1.0406723012875796,2.816407591505616e-07
362,TaskD-TaskI-TaskN,254,1146.022671301947,1.0442940530556326,9.02567175234197e-07
363,TaskD-TaskI-TaskN,112,913.4935476601963,0.8121087280268298,2.2305243493586089e-07
364,TaskE-TaskJ-TaskO,238,1265.4156204027333,1.3249783119298517,8.85511598951196e-07
365,TaskD-TaskI-TaskN,229,745.4350775876986,1.8592812568081065,5.638113714700834e-07
366,TaskE-TaskJ-TaskO,204,1269.0812381223345,0.8622811323047709,8.302032525562886e-07
367,TaskD-TaskI-TaskN,157,611.2025141029734,1.0293424513952032,7.157175359023455e-07
368,TaskC-TaskH-TaskM,197,1539.942828083902,1.1721014460113062,6.997281603223811e-07
369,TaskD-TaskI-TaskN,248,918.7595522756335,1.6780696838770555,3.311023496181052e-07
370,TaskE-TaskJ-TaskO,76,767.5385687224764,1.568762711363104,2.4155796215748144e-07
371,TaskB-TaskG-TaskL,204,953.4656182960002,1.2991326854982261,2.1877736540398027e-07
372,TaskD-TaskI-TaskN,43,790.7044114751143,1.7108827271100508,8.586197404889928e-07
373,TaskB-TaskG-TaskL,20,1077.3930597709084,1.5315572139882825,8.222225520564299e-07
374,TaskC-TaskH-TaskM,132,1273.5314662940295,1.8752489595886628,4.461677927321843e-07
375,TaskA-TaskF-TaskK,220,801.3087547886645,1.7816320989664316,1.4108056736149009e-07
376,TaskC-TaskH-TaskM,64,1115.8798478348008,1.1033763273070407,3.8842972945768384e-07
377,TaskD-TaskI-TaskN,174,693.4529262208481,1.1257262931610403,6.231500195955423e-07
378,TaskB-TaskG-TaskL,107,1206.5909466457224,0.9504277709508628,4.598591229351533e-07
379,TaskB-TaskG-TaskL,45,1083.247273385519,1.2043576708609478,7.82387375798165e-07
380,TaskE-TaskJ-TaskO,28,1215.236664266064,1.9994527024629132,9.976465940288716e-07
381,TaskB-TaskG-TaskL,42,975.5306194717789,1.2869014023380732,1.992207675644079e-07
382,TaskE-TaskJ-TaskO,38,912.9686804290496,1.0645861216269277,4.6505431146297674e-07
383,TaskA-TaskF-TaskK,134,1163.2234872114666,1.7149794613706635,4.3667406290161387e-07
384,TaskD-TaskI-TaskN,245,738.3902956883163,1.4509652041551875,3.1144760742146136e-07
385,TaskE-TaskJ-TaskO,232,651.435133653285,0.9795217394323431,2.061145615530867e-07
386,TaskA-TaskF-TaskK,111,999.0076031919924,1.2568276173930388,7.503519532476264e-08
387,TaskB-TaskG-TaskL,175,922.0806786282415,1.297363658647212,8.882481240514615e-07
388,TaskB-TaskG-TaskL,182,1110.766666356309,1.7045956406830625,4.2565021070945444e-07
389,TaskA-TaskF-TaskK,225,1218.3102848627993,0.8248056426702854,5.019265633150484e-07
390,TaskB-TaskG-TaskL,105,1106.6028158302279,1.1228235761579726,9.177726277189068e-07
391,TaskA-TaskF-TaskK,101,1202.380662365349,1.4211155615786266,7.785275727407883e-07
392,TaskE-TaskJ-TaskO,15,1064.2104666664327,1.122616090943412,1.3919625147601238e-07
393,TaskE-TaskJ-TaskO,22,1098.9191496642197,1.5541208569027987,5.69765767931665e-07
394,TaskA-TaskF-TaskK,104,976.6685580335459,1.37824097512954,4.478297537543636e-07
395,TaskE-TaskJ-TaskO,47,1093.0090922030365,1.2340523058314967,7.992389618529752e-07
396,TaskE-TaskJ-TaskO,190,1033.3305657127028,1.9390503522446147,7.269902221358298e-07
397,TaskE-TaskJ-TaskO,254,1065.0353593058128,1.558591399023749,6.935016646919613e-07
398,TaskC-TaskH-TaskM,52,966.6551933826322,0.9559296467215295,3.4713938712509795e-07
399,TaskD-TaskI-TaskN,192,1161.7858400942596,1.4721100369320745,8.06914093095262e-07
400,TaskB-TaskG-TaskL,20,857.9094900330097,1.7368782238410811,6.186738263891261e-08
401,TaskC-TaskH-TaskM,77,996.3301958191787,1.6501876369913568,1.6802865241784557e-07
402,TaskE-TaskJ-TaskO,60,1262.356780041515,1.0065070751543113,3.4226704024813265e-07
403,TaskA-TaskF-TaskK,58,810.2556354157749,1.966903998848124,8.603936665858847e-08
404,TaskE-TaskJ-TaskO,244,567.6309076494738,1.3385763748959272,2.426443347593447e-07
405,TaskD-TaskI-TaskN,50,1073.2914332595944,0.9908300044883136,8.31849473167939e-07
406,TaskE-TaskJ-TaskO,15,948.6091019293001,1.0162349049537776,9.487690224121786e-07
407,TaskA-TaskF-TaskK,65,1202.1724480743678,0.9178819906268967,3.115563322164486e-07
408,TaskD-TaskI-TaskN,83,973.8969840206013,1.7642217301219212,2.718706459489499e-07
409,TaskE-TaskJ-TaskO,219,879.1321856873376,0.9464365931862184,2.8709372572396263e-07
410,TaskD-TaskI-TaskN,86,984.8365208363573,0.9501503085700964,2.849418964773354e-07
411,TaskB-TaskG-TaskL,11,1218.613717322642,1.8205659377130052,4.5570880364113265e-08
412,TaskB-TaskG-TaskL,226,1115.073925438475,1.2135249013370717,9.276471828677971e-07
413,TaskE-TaskJ-TaskO,152,513.2195486903931,0.837029485169687,2.2156116015462513e-07
414,TaskD-TaskI-TaskN,84,1037.1534984173543,0.8622743594220931,4.258040333405909e-07
415,TaskA-TaskF-TaskK,218,1047.152426480281,0.9706045360446747,1.959001391355806e-08
416,TaskE-TaskJ-TaskO,232,996.3500069598962,1.0560720175708274,8.593755400059067e-07
417,TaskB-TaskG-TaskL,121,877.8220216862821,1.5981754330860864,7.338457710103681e-07
418,TaskB-TaskG-TaskL,211,1238.906374901289,0.9887915360021939,9.472884748219662e-07
419,TaskE-TaskJ-TaskO,201,1248.8067896269724,0.9426492694124864,7.837993244044352e-07
420,TaskD-TaskI-TaskN,203,559.3679078348276,1.7176629697715349,3.205694469315446e-07
421,TaskB-TaskG-TaskL,28,840.4081044517111,1.6052663406318972,2.553946251411394e-07
422,TaskD-TaskI-TaskN,213,971.053869742856,1.3223890657462833,7.007391444777601e-07
423,TaskB-TaskG-TaskL,92,1189.7016407433339,1.4591717257761248,3.7047164726039445e-07
424,TaskB-TaskG-TaskL,15,1006.9705752783533,1.1743808243917022,5.705528655950904e-07
425,TaskC-TaskH-TaskM,146,863.2812399670154,1.3790005042824327,1.6194896316205526e-08
426,TaskB-TaskG-TaskL,62,1141.906715461475,1.408007178779295,7.12668446636705e-08
427,TaskA-TaskF-TaskK,157,957.7327828898015,1.2646847254137152,5.400142617698348e-07
428,TaskE-TaskJ-TaskO,236,976.5198281690081,1.8878866528065954,5.704109299836835e-07
429,TaskE-TaskJ-TaskO,112,994.5683133191848,0.8192742379772074,7.539384150147502e-07
430,TaskD-TaskI-TaskN,29,1114.861688167697,1.7386055157094953,1.4064566642772213e-07
431,TaskB-TaskG-TaskL,50,938.2900796652425,0.9492593974895892,5.18051252919211e-07
432,TaskA-TaskF-TaskK,35,1137.3892985294444,1.7570568326446394,2.0250316798737174e-07
433,TaskD-TaskI-TaskN,13,985.3862063185854,1.5390942988120655,1.0226415836706775e-07
434,TaskC-TaskH-TaskM,19,786.5966827164248,1.811933709123683,4.163908361199491e-07
435,TaskD-TaskI-TaskN,202,992.6447388609104,0.917017190769077,1.717032816081667e-07
436,TaskD-TaskI-TaskN,148,796.9573193709571,1.4707767609197289,2.2956415841039542e-07
437,TaskB-TaskG-TaskL,154,1008.1973579551884,1.4013054563146365,3.2437903407080675e-07
438,TaskC-TaskH-TaskM,29,1165.8947858462932,1.6474318195560302,2.667945167357643e-07
439,TaskD-TaskI-TaskN,216,785.2741987995771,1.441148662272411,9.671538443188694e-08
440,TaskA-TaskF-TaskK,89,1072.8546811608878,1.448881480559725,9.901708241110527e-08
441,TaskA-TaskF-TaskK,253,834.1925083293584,1.3155151322912775,2.013169210818265e-07
442,TaskE-TaskJ-TaskO,138,1040.3401119833095,1.170601308808809,6.005359607994357e-08
443,TaskC-TaskH-TaskM,17,1172.0408484040968,1.3787172335026305,6.301924494801579e-07
444,TaskC-TaskH-TaskM,82,574.0973851779918,0.9421908305220807,2.9445344934381296e-07
445,TaskE-TaskJ-TaskO,120,777.1048346257309,1.9538160067797017,2.8694850809138035e-07
446,TaskD-TaskI-TaskN,10,926.2041109780156,1.6572929163519179,3.386783112953875e-07
447,TaskC-TaskH-TaskM,140,1063.008097836323,1.9429605400254162,6.661683114676244e-07
448,TaskA-TaskF-TaskK,118,966.7233341283352,1.072072858795956,8.719275426686557e-07
449,TaskA-TaskF-TaskK,179,990.8238436038162,1.8552092242118337,7.61496063230082e-07
450,TaskB-TaskG-TaskL,75,1408.5969050702513,1.7705479814762461,7.302539379228441e-07
451,TaskC-TaskH-TaskM,245,757.5085442301545,1.6125828949492083,4.895472737448409e-07
452,TaskD-TaskI-TaskN,62,1227.097003272554,1.550035023302247,6.968675013977377e-07
453,TaskE-TaskJ-TaskO,218,930.0043745691166,1.179859598321444,5.572347443532473e-07
454,TaskE-TaskJ-TaskO,224,1146.852183435345,1.4640548193520488,5.16522196693824e-07
455,TaskD-TaskI-TaskN,85,1425.7893111491198,1.4018185537756804,2.1650248406364023e-07
456,TaskB-TaskG-TaskL,226,1137.7356047370852,0.8850698910695425,3.0342808680653064e-07
457,TaskE-TaskJ-TaskO,225,1074.4991419579999,1.175435793026156,9.116946442601152e-07
458,TaskC-TaskH-TaskM,119,1319.824467029875,1.9223565182543931,5.519406919759287e-07
459,TaskB-TaskG-TaskL,170,1224.9597289186383,1.8208163127258155,7.365663232318508e-07
460,TaskC-TaskH-TaskM,230,840.1211847677129,1.978286837691847,3.5309317221838215e-07
461,TaskA-TaskF-TaskK,149,1058.9049484907712,1.5535920591249177,4.1363861295857304e-07
462,TaskB-TaskG-TaskL,190,656.5008531718481,1.0970120877684943,1.3430992285087887e-07
463,TaskE-TaskJ-TaskO,237,891.9693223251497,0.9953780596122366,1.7958200824345368e-07
464,TaskB-TaskG-TaskL,106,1062.810593519972,1.024297328730154,8.290829892778841e-07
465,TaskB-TaskG-TaskL,20,879.5789294437483,0.8237547900167053,5.889902453719932e-07
466,TaskB-TaskG-TaskL,17,1054.6733491943849,1.268818533183127,3.441571412249807e-07
467,TaskB-TaskG-TaskL,162,997.3230768693923,1.029713216599451,8.048226969055905e-07
468,TaskC-TaskH-TaskM,155,1107.2833464790085,1.293986552548043,2.5405470658160316e-07
469,TaskA-TaskF-TaskK,230,915.1601955943778,1.9219933182065185,9.762723716142017e-07
470,TaskD-TaskI-TaskN,111,811.9702171126573,1.316648251408628,3.513694316687081e-07
471,TaskB-TaskG-TaskL,191,1295.6253652346522,1.8535813963818017,3.4393784460971534e-07
472,TaskE-TaskJ-TaskO,48,900.8606514620111,1.526605719939052,3.187927864813382e-07
473,TaskB-TaskG-TaskL,101,1132.0021186234237,1.0965578655936703,1.3089040076504505e-07
474,TaskE-TaskJ-TaskO,134,1287.0494052945073,1.2270257111110536,1.200257758586923e-07
475,TaskC-TaskH-TaskM,40,1032.5339997995063,0.9007034429857154,6.516239841887822e-07
476,TaskE-TaskJ-TaskO,174,828.7386861113702,1.2001551123152125,8.763668641124666e-07
477,TaskD-TaskI-TaskN,171,964.2780050905311,1.6130491346042408,7.926153051689568e-07
478,TaskA-TaskF-TaskK,221,1203.5081833213505,0.8865333115153222,1.496965180811376e-07
479,TaskE-TaskJ-TaskO,186,1041.2495091475726,1.0464816901736351,5.501263005741459e-07
480,TaskE-TaskJ-TaskO,218,758.9716415591446,1.2577292496959738,1.1453563051687361e-07
481,TaskA-TaskF-TaskK,111,1119.3287667067425,1.978459444419155,5.484169717694667e-08
482,TaskD-TaskI-TaskN,42,1153.9062938101997,1.7418341875506562,6.598220007909197e-07
483,TaskB-TaskG-TaskL,18,928.9376227764133,1.6801840957905245,5.398008103435468e-07
484,TaskE-TaskJ-TaskO,123,1122.048875120949,0.9394291478305352,9.120344835935615e-08
485,TaskA-TaskF-TaskK,244,1049.0037190920934,1.7371950723379896,4.4589853941928563e-08
486,TaskC-TaskH-TaskM,7,960.5140922715922,1.742322573819218,9.898588492752412e-07
487,TaskA-TaskF-TaskK,96,741.2928512812673,1.521323234749194,3.972111882758116e-08
488,TaskC-TaskH-TaskM,217,1215.5907790211515,1.9884341383980462,4.500829705196581e-07
489,TaskD-TaskI-TaskN,156,1151.8421999839666,1.1903046871094625,5.095728343616187e-07
490,TaskB-TaskG-TaskL,144,1116.7772588750624,1.929526937890222,1.261073463224406e-07
491,TaskA-TaskF-TaskK,213,1308.9052007356188,1.8976773379478042,1.7737116065531912e-07
492,TaskE-TaskJ-TaskO,164,1189.0387454027186,0.8137767916992534,3.58286956346249e-07
493,TaskD-TaskI-TaskN,19,1137.3132012303126,1.3401398317697732,7.64059117451526e-07
494,TaskA-TaskF-TaskK,240,557.3545303946337,1.972525079661888,5.120115998196641e-07
495,TaskE-TaskJ-TaskO,173,1239.3789903604832,0.923745634889691,6.41522855807432e-07
496,TaskA-TaskF-TaskK,111,1016.6161028564102,1.4573416332599833,9.853228095397679e-07
497,TaskC-TaskH-TaskM,129,1062.4983360514277,1.9747490084493249,7.703253809600776e-07
498,TaskA-TaskF-TaskK,197,1063.866637938677,1.4665945089270322,4.4001788315980557e-07
499,TaskA-TaskF-TaskK,58,1154.766548728456,1.0277783635665871,4.5197750257858326e-07
500,TaskA-TaskF-TaskK,230,1224.435005760337,1.4986198761111078,6.22584356270595e-07
501,TaskD-TaskI-TaskN,173,1126.8482286118444,1.0453286887394562,6.687115563347154e-07
502,TaskA-TaskF-TaskK,37,1095.0571178639784,1.4236451154733811,5.057038165783046e-07
503,TaskE-TaskJ-TaskO,161,1046.3025478591144,0.8888506614948176,6.484126105868302e-07
504,TaskC-TaskH-TaskM,254,329.6778966190643,1.5265792030572856,3.329716946995778e-08
505,TaskC-TaskH-TaskM,250,942.4817961099624,1.4201479269537898,4.3532663525787573e-07
506,TaskA-TaskF-TaskK,16,811.6820965298709,1.6881936425137556,2.86148695312742e-07
507,TaskD-TaskI-TaskN,144,1242.147907787817,1.5568405653905422,1.378827007906793e-07
508,TaskD-TaskI-TaskN,21,1123.8074396572588,1.459527522236908,1.0855104768068738e-07
509,TaskE-TaskJ-TaskO,163,908.3726025572531,1.6277346190977453,6.071602439585209e-07
510,TaskA-TaskF-TaskK,99,928.4565635461512,0.9727302962866771,5.283645416810856e-07
511,TaskC-TaskH-TaskM,230,921.2037273395157,1.514431593510325,2.610482758264055e-07
512,TaskD-TaskI-TaskN,126,917.634769136216,1.0065327233873334,4.762405581847894e-07
513,TaskA-TaskF-TaskK,42,711.0885112950406,1.910626649422257,4.973099920305843e-07
514,TaskD-TaskI-TaskN,49,667.7441013444464,0.8820009258147251,2.0305889063422967e-07
515,TaskD-TaskI-TaskN,247,1005.8093544763487,1.316449699628952,6.555721312628342e-07
516,TaskC-TaskH-TaskM,32,1215.062827871871,1.6349569731865339,7.831101628222296e-07
517,TaskB-TaskG-TaskL,193,892.4620605144274,1.3496266540019106,7.935489054806238e-07
518,TaskE-TaskJ-TaskO,244,1060.688950184809,0.9105143038794828,6.064451323964206e-07
519,TaskE-TaskJ-TaskO,224,1146.852183435345,1.4640548193520488,5.16522196693824e-07
520,TaskC-TaskH-TaskM,65,801.3243588832287,1.5699582905928255,7.039707157534095e-08
521,TaskD-TaskI-TaskN,248,996.0049142560193,1.6445507731886093,2.9495298586308984e-07
522,TaskA-TaskF-TaskK,239,866.695903745297,1.2479117773553108,1.023387323103882e-07
523,TaskD-TaskI-TaskN,188,1321.2238983662587,1.4763919652345145,9.641849292696888e-07
524,TaskC-TaskH-TaskM,19,1312.491901372423,1.3408237699266956,1.4372934476350312e-07
525,TaskE-TaskJ-TaskO,187,801.5314320250299,1.6064672465027041,1.6025765575259105e-07
526,TaskD-TaskI-TaskN,239,1077.1768766168652,1.5002683607897822,8.906808521471873e-07
527,TaskE-TaskJ-TaskO,242,1213.5198601624982,1.430907463470962,9.444890006416933e-07
528,TaskA-TaskF-TaskK,124,1169.665900075266,1.0994292402058985,7.681707488425608e-07
529,TaskE-TaskJ-TaskO,13,1016.3126069968731,0.8024222212978808,1.535087443594317e-08
530,TaskE-TaskJ-TaskO,161,1261.3114923528697,1.008898010373715,1.1332808246998063e-08
531,TaskB-TaskG-TaskL,156,819.0970622021134,0.9404792497090024,3.843197620895763e-07
532,TaskB-TaskG-TaskL,106,939.3814111210615,1.3389016940131362,1.5196141631078363e-07
533,TaskB-TaskG-TaskL,87,824.471516048085,1.5347097809142136,2.820228073008131e-08
534,TaskE-TaskJ-TaskO,136,1156.4986989401243,1.0557020104217698,4.6942602251045965e-07
535,TaskC-TaskH-TaskM,68,883.4726251401097,1.9268685151606246,9.436312784329019e-07
536,TaskE-TaskJ-TaskO,225,965.7501649125828,0.8080185550686654,3.305813791534071e-07
537,TaskC-TaskH-TaskM,180,1123.5340736531498,1.7267612181984116,6.645292716444096e-07
538,TaskC-TaskH-TaskM,6,1139.649982755563,1.5502457234365306,6.557129996011164e-07
539,TaskB-TaskG-TaskL,176,818.5747307489498,1.2482657612572183,2.585693026285161e-07
540,TaskD-TaskI-TaskN,145,1211.3310567545584,0.8605867332948895,6.539209963356257e-07
541,TaskA-TaskF-TaskK,123,1091.1379337334502,1.5529838861411354,2.2021063454402238e-07
542,TaskB-TaskG-TaskL,161,783.6594320839197,1.2627362154387778,1.3078733944112018e-07
543,TaskB-TaskG-TaskL,245,734.4568208486774,1.923520567295863,7.043694527040932e-07
544,TaskD-TaskI-TaskN,71,996.8360579475865,1.4503880898677193,1.2230640893287757e-07
545,TaskA-TaskF-TaskK,149,1170.0187978633617,1.9275818135522098,9.969401264034617e-07
546,TaskE-TaskJ-TaskO,193,1175.143172480196,1.0645804321679648,1.9161787713872705e-07
547,TaskE-TaskJ-TaskO,40,1071.2333754449685,1.6708710924369239,5.98200444128893e-07
548,TaskB-TaskG-TaskL,156,1009.7349676653652,1.5406988250184708,4.172608256984635e-07
549,TaskA-TaskF-TaskK,179,1102.347533815801,1.6872898757975743,1.3512255818161045e-07
550,TaskB-TaskG-TaskL,196,828.9338971221483,1.057601436767044,3.7565468501639265e-08
551,TaskC-TaskH-TaskM,184,1337.3975726050783,1.5979934194853285,6.26504959469905e-07
552,TaskB-TaskG-TaskL,241,1334.787683624504,1.397648471668243,8.086899881512349e-07
553,TaskB-TaskG-TaskL,210,1085.7624629241395,1.6913899698875796,8.435955048916766e-07
554,TaskE-TaskJ-TaskO,76,1039.4600839985703,1.1924535729821812,4.878863383461651e-07
555,TaskE-TaskJ-TaskO,146,917.715805468126,1.868068430558303,7.796809125105617e-07
556,TaskE-TaskJ-TaskO,52,1105.7497691599322,0.9011615775336205,6.761186621536593e-07
557,TaskC-TaskH-TaskM,124,861.7365257966446,1.7686271825494257,7.270119822241419e-07
558,TaskE-TaskJ-TaskO,91,555.2775938008938,1.8335835509781089,4.97673015169596e-07
559,TaskA-TaskF-TaskK,199,457.17853990178264,1.7807027736401855,6.370776228397058e-07
560,TaskD-TaskI-TaskN,143,840.1003333673027,1.4152716731141313,8.074706544402965e-07
561,TaskA-TaskF-TaskK,190,1031.2756245836556,1.3260619760369137,4.0390533380145287e-07
562,TaskA-TaskF-TaskK,253,1066.3943467906965,1.9955147438298522,8.079191118589079e-07
563,TaskE-TaskJ-TaskO,40,902.648598298143,1.0750063414569946,5.960966743611723e-07
564,TaskD-TaskI-TaskN,64,1028.3670334285807,1.4562511590512535,1.742420141270784e-07
565,TaskD-TaskI-TaskN,232,945.1543285890938,1.6048106304587906,3.443731565233877e-08
566,TaskD-TaskI-TaskN,174,800.1374484699725,1.6410411630337185,3.6912606439516055e-07
567,TaskC-TaskH-TaskM,127,989.251098206175,1.0448295988862943,5.512293650133765e-07
568,TaskE-TaskJ-TaskO,201,1162.5914224731298,1.5847929108077614,8.414221486814536e-07
569,TaskD-TaskI-TaskN,42,809.1876504507355,1.7820434797776048,1.3621082333884375e-07
570,TaskC-TaskH-TaskM,187,809.2790773960604,0.8600222921853347,8.022042842067434e-07
571,TaskB-TaskG-TaskL,66,786.1498812095683,1.8938255519903797,8.643789556065547e-07
572,TaskB-TaskG-TaskL,49,612.6962530983768,0.8354048661742471,1.5918061213082548e-07
573,TaskC-TaskH-TaskM,91,903.9595251705963,1.2271652389860732,8.530783761111769e-07
574,TaskC-TaskH-TaskM,14,1142.8172225905062,0.8189758354795545,9.91539032164364e-07
575,TaskE-TaskJ-TaskO,65,1034.7832167667525,0.8925742022474983,7.295704427377552e-07
576,TaskE-TaskJ-TaskO,80,966.1498231887387,1.8934019422160948,7.869219850067381e-07
577,TaskB-TaskG-TaskL,229,1025.8129596480337,1.2258329968953774,9.944711148832847e-07
578,TaskD-TaskI-TaskN,156,902.2037025141684,1.3097258365100635,6.094264380206859e-07
579,TaskB-TaskG-TaskL,202,610.4226725473056,1.0584132576590632,3.1480751819608696e-07
580,TaskD-TaskI-TaskN,55,1156.7437563629132,1.5165149242240639,8.391555257352952e-07
581,TaskD-TaskI-TaskN,7,1214.2249147569303,1.5137638576133474,6.18340919736515e-07
582,TaskE-TaskJ-TaskO,62,854.3686447864426,1.2466404701902631,5.853834694837471e-07
583,TaskA-TaskF-TaskK,75,969.8328758786888,1.199641846166478,2.610991999588979e-07
584,TaskA-TaskF-TaskK,151,952.600165787968,1.8619571698167054,7.587709268870578e-07
585,TaskC-TaskH-TaskM,96,1070.2577618849084,1.2599410875706416,9.08506031014953e-08
586,TaskE-TaskJ-TaskO,66,1337.9786913252578,1.3922011905852898,9.250442000867146e-07
587,TaskD-TaskI-TaskN,57,1231.9582490578612,1.1399657149099167,3.3256522616277995e-07
588,TaskA-TaskF-TaskK,120,924.6171549172208,1.744123404028553,1.3649690626209056e-07
589,TaskD-TaskI-TaskN,246,1108.4927723000474,1.27693778827891,4.4794286777139465e-07
590,TaskA-TaskF-TaskK,240,1250.8713737145426,1.4163332558531896,5.2045210163967825e-08
591,TaskA-TaskF-TaskK,113,1081.6690328789557,1.1040286040715936,6.877799323223166e-07
592,TaskA-TaskF-TaskK,77,999.0601191119655,1.9851915108095022,9.036784553409027e-07
593,TaskE-TaskJ-TaskO,110,1089.2000189334371,1.1497948891084675,8.388903770671237e-07
594,TaskB-TaskG-TaskL,229,859.3456954873054,1.7248910370866621,1.360957787134023e-07
595,TaskD-TaskI-TaskN,60,888.5437751791837,1.312994780428111,1.3500842573665454e-07
596,TaskE-TaskJ-TaskO,221,787.1931529597805,1.0474608861009678,8.153001375010215e-07
597,TaskE-TaskJ-TaskO,172,1061.4129033140487,1.7596625167578335,9.250117318570848e-07
598,TaskE-TaskJ-TaskO,244,973.7194187955523,1.200328146834852,4.6606313153515426e-07
599,TaskE-TaskJ-TaskO,253,835.3763877303841,1.8382320168773734,5.039814057446283e-07
600,TaskE-TaskJ-TaskO,6,967.164117675899,1.8983086219013876,3.2507942097186867e-07
601,TaskC-TaskH-TaskM,123,1093.999652152634,1.8317886024695311,8.953224670738498e-07
602,TaskD-TaskI-TaskN,9,1382.9424611995985,0.8420094977681668,6.484538762394324e-07
603,TaskE-TaskJ-TaskO,8,1202.4135729407717,1.7448480140061267,2.9536906139569484e-07
604,TaskD-TaskI-TaskN,8,543.170428503532,1.2936073597989726,3.057950423437091e-07
605,TaskC-TaskH-TaskM,57,1047.8616933640692,1.84846750421867,8.922880723329664e-07
606,TaskC-TaskH-TaskM,50,1285.864852542571,1.5655451152216866,2.3497683666763254e-08
607,TaskD-TaskI-TaskN,218,732.4253017579535,1.80037176097275,3.2949930699937204e-07
608,TaskA-TaskF-TaskK,180,1110.3118540424848,1.3993181238402026,5.588131144042054e-07
609,TaskB-TaskG-TaskL,12,952.6715628937908,1.4420306055187195,1.567352874783314e-07
610,TaskA-TaskF-TaskK,102,1230.0581061832322,0.9732651585604007,1.011777666575939e-07
611,TaskA-TaskF-TaskK,23,1080.8514390026905,1.7407848304272266,8.171235677796545e-07
612,TaskA-TaskF-TaskK,125,823.1969090881587,1.303267534000366,8.954603447620223e-07
613,TaskE-TaskJ-TaskO,244,959.8297043418761,1.400096141925899,8.253703565902076e-07
614,TaskC-TaskH-TaskM,64,971.6608647904753,1.742117256914849,8.998000108399743e-07
615,TaskA-TaskF-TaskK,126,975.3643570379902,1.518614480095327,5.575808513477879e-07
616,TaskC-TaskH-TaskM,237,1223.8525889550526,1.0413184729312008,8.141355397804385e-07
617,TaskD-TaskI-TaskN,166,831.476015721954,1.5082791909810713,3.902022120071894e-07
618,TaskB-TaskG-TaskL,181,1200.6102619322367,1.2891594295755868,6.696051828642481e-07
619,TaskD-TaskI-TaskN,85,939.550064815696,1.3634306504526352,9.889471760752729e-07
620,TaskD-TaskI-TaskN,65,1044.702221265833,0.8339735292832013,2.3347044660073616e-07
621,TaskE-TaskJ-TaskO,148,1014.4755172562068,1.052035219419538,3.960007488281698e-07
622,TaskB-TaskG-TaskL,219,995.6389323836331,1.1372456976572338,4.852469035369848e-07
623,TaskD-TaskI-TaskN,6,997.2794331109355,1.655552009430567,1.4663533214985122e-07
624,TaskD-TaskI-TaskN,163,1291.4717116542042,0.8137909679577384,9.022822436040622e-08
625,TaskB-TaskG-TaskL,230,1168.4899849812289,1.2905327134749585,8.314256376584082e-07
626,TaskB-TaskG-TaskL,233,927.456862084014,1.9088322445108794,9.770264290993103e-07
627,TaskD-TaskI-TaskN,16,1316.5574508244183,0.9342567398589486,4.1067781319136214e-07
628,TaskB-TaskG-TaskL,123,1054.9362147985705,1.4197092658623331,9.677333783270674e-08
629,TaskD-TaskI-TaskN,128,1071.5248518647788,1.7438268588690164,7.515364308367072e-08
630,TaskD-TaskI-TaskN,242,832.5361841337217,1.9310375690241401,8.924050242966958e-07
631,TaskE-TaskJ-TaskO,92,900.500268318972,1.6961319674404616,4.6917610723040316e-07
632,TaskA-TaskF-TaskK,76,862.2992984145649,1.6646786583732873,3.26827043396768e-07
633,TaskD-TaskI-TaskN,71,1017.214572998735,1.791785708234915,4.816966585270055e-07
634,TaskC-TaskH-TaskM,145,1127.7566158896418,1.3354414651730524,3.251210537454239e-07
635,TaskA-TaskF-TaskK,104,1073.4464598844427,1.7670134391413996,4.941454175545439e-07
636,TaskA-TaskF-TaskK,101,1317.6088312139163,0.8095572856945414,8.609608329487575e-07
637,TaskA-TaskF-TaskK,14,822.4483989577529,1.9094732664521659,5.963783573514748e-07
638,TaskE-TaskJ-TaskO,108,1022.9738087077765,1.3319678114206104,6.977072350820737e-07
639,TaskD-TaskI-TaskN,187,743.4121341403411,1.4640562254388971,3.710239694719932e-07
640,TaskE-TaskJ-TaskO,70,815.6258056793475,1.1058586986978587,7.411208197254136e-07
641,TaskD-TaskI-TaskN,126,1252.9156754676928,1.6910369994085057,6.699509140305786e-07
642,TaskE-TaskJ-TaskO,223,907.3670267057068,0.8919629677702986,1.283663777745359e-07
643,TaskE-TaskJ-TaskO,32,839.3272407879458,1.8471629630562023,5.769164245844288e-07
644,TaskC-TaskH-TaskM,140,574.0046248834105,1.7937401948076113,2.6417606134666044e-07
645,TaskE-TaskJ-TaskO,198,837.3290704422166,1.0592721394937197,8.060547129372569e-07
646,TaskB-TaskG-TaskL,156,958.9439451610042,1.7711892779423148,4.316783313822701e-07
647,TaskC-TaskH-TaskM,229,728.5194080427577,1.7436292796737778,9.947373235445223e-07
648,TaskE-TaskJ-TaskO,79,947.4433222035062,1.5586599173047389,1.0157543355957415e-07
649,TaskA-TaskF-TaskK,173,1254.1262121316447,1.248224212279625,7.82544384112757e-07
650,TaskB-TaskG-TaskL,12,858.5389319343335,1.1257985050182415,6.76964716206735e-07
651,TaskB-TaskG-TaskL,210,811.3233901260129,1.07814030834722,7.698238422847984e-07
652,TaskB-TaskG-TaskL,43,775.2197066269814,1.1823307553163287,3.144544975355518e-07
653,TaskC-TaskH-TaskM,28,771.64718149684,1.8842701321190365,4.971339444885766e-07
654,TaskE-TaskJ-TaskO,8,1107.115489377686,0.8931689311865376,7.985434345264714e-07
655,TaskE-TaskJ-TaskO,142,1009.7337473766102,1.7946455315035503,2.4021591830464644e-07
656,TaskA-TaskF-TaskK,190,1191.3713758551148,1.2186680900501883,2.3377286482076558e-07
657,TaskA-TaskF-TaskK,229,1403.967578330851,1.4259192752136298,5.555404437619831e-07
658,TaskB-TaskG-TaskL,219,633.9217736181704,1.7533827603781889,5.283279437345573e-07
659,TaskA-TaskF-TaskK,127,1076.0157416883546,1.8612518564275655,2.894398457088035e-07
660,TaskC-TaskH-TaskM,210,776.2761331132881,1.2137377040871764,3.0509489401957457e-07
661,TaskA-TaskF-TaskK,41,1157.7798596066903,1.3542121775301323,2.8506671157449986e-07
662,TaskB-TaskG-TaskL,75,945.6175997853128,1.2974192777801508,7.737969413785028e-07
663,TaskA-TaskF-TaskK,254,1005.4645521728347,0.8159012402046927,6.553818569068361e-07
664,TaskC-TaskH-TaskM,136,743.3645144140385,1.155131466630388,8.340930115761503e-07
665,TaskC-TaskH-TaskM,179,914.7145949773665,1.3510270804790743,9.757182980308815e-07
666,TaskA-TaskF-TaskK,93,1017.932450221652,1.2933123306565277,4.794226533092666e-07
667,TaskE-TaskJ-TaskO,149,1271.2156293613416,1.6663150730188154,7.602694259139436e-08
668,TaskA-TaskF-TaskK,201,841.0878945182892,1.261764340665323,5.7611387307915084e-08
669,TaskB-TaskG-TaskL,40,889.8616856939374,1.3872517387648045,3.0270838887890295e-07
670,TaskA-TaskF-TaskK,63,1188.8579284364564,1.315530310558836,9.332191434589265e-07
671,TaskC-TaskH-TaskM,179,828.1319432601379,1.6887513786732447,5.279809244211662e-07
672,TaskA-TaskF-TaskK,208,1228.4770287948252,1.835566878784355,2.790686509193279e-07
673,TaskE-TaskJ-TaskO,31,998.1826850547488,1.4382668948090171,4.0517512656590936e-07
674,TaskD-TaskI-TaskN,200,1060.6245923183687,1.7473186330342294,6.026091563306241e-07
675,TaskA-TaskF-TaskK,208,1073.504460501874,1.1561440184238208,6.564201615564639e-07
676,TaskE-TaskJ-TaskO,84,876.7558893186784,1.4496435321887224,1.62380314685076e-07
677,TaskE-TaskJ-TaskO,117,1077.9773638944791,1.214275944403967,9.772613597797242e-07
678,TaskC-TaskH-TaskM,43,845.5260431371399,1.2970411106861963,5.49324504712961e-07
679,TaskE-TaskJ-TaskO,48,899.5793991802241,1.6788966377752024,1.4433143461435653e-07
680,TaskE-TaskJ-TaskO,227,1111.738193206655,1.8579949787992553,8.946989008126724e-07
681,TaskE-TaskJ-TaskO,65,1058.6787911283807,0.9457944693053185,8.389204676863452e-08
682,TaskE-TaskJ-TaskO,96,985.0070098321904,1.5615671077848567,9.086580788457377e-07
683,TaskB-TaskG-TaskL,118,748.2536701473979,1.4985725690933582,9.965999997260925e-07
684,TaskB-TaskG-TaskL,189,798.168342130074,0.9420980470111183,7.034274811649389e-07
685,TaskC-TaskH-TaskM,70,1055.3418087809969,1.054273196528131,7.727427488632499e-07
686,TaskA-TaskF-TaskK,59,1146.4281126970232,1.1732029936792163,3.4392980810281156e-07
687,TaskE-TaskJ-TaskO,43,778.0708990958485,1.0003172849810018,9.421610842065944e-07
688,TaskA-TaskF-TaskK,101,832.0349505095664,1.09247537902921,5.34416826447284e-07
689,TaskA-TaskF-TaskK,43,1026.8370348355438,1.121120958634049,7.350645621315793e-07
690,TaskC-TaskH-TaskM,94,1022.5575725258186,1.2028085996468716,9.248666387521668e-07
691,TaskE-TaskJ-TaskO,208,675.2085582477918,1.699268543361391,9.754281762157532e-07
692,TaskE-TaskJ-TaskO,240,1032.3126026879977,1.4862946446207208,8.348723130307077e-07
693,TaskD-TaskI-TaskN,36,880.3264379539562,1.9834960063416818,3.0998733191220974e-07
694,TaskA-TaskF-TaskK,9,1328.2093259457915,1.2976829923609652,9.668820413865615e-07
695,TaskA-TaskF-TaskK,219,1049.8397085471313,1.70463808860431,6.318383359311361e-07
696,TaskB-TaskG-TaskL,150,1084.2946899751805,1.8457621056518405,9.313360515884403e-07
697,TaskD-TaskI-TaskN,83,1089.4718604381221,1.6147741916456502,6.793439755562084e-07
698,TaskB-TaskG-TaskL,171,757.2145238694872,1.2942376885009952,3.141665722292433e-07
699,TaskB-TaskG-TaskL,95,1388.7753786217206,1.7043135568949035,3.763242789013878e-07
700,TaskB-TaskG-TaskL,100,675.4177505097653,1.044400565327222,5.549670593319112e-07
701,TaskC-TaskH-TaskM,62,1159.1406283399485,1.193062598216159,7.921146931442832e-07
702,TaskC-TaskH-TaskM,62,1123.7327874961297,1.4560223061191464,3.248027258269316e-07
703,TaskB-TaskG-TaskL,51,904.599524017408,1.490491264743378,5.839338544728502e-07
704,TaskD-TaskI-TaskN,172,1133.2900633426777,0.8265697705671554,3.5216874364063754e-07
705,TaskA-TaskF-TaskK,16,936.4853602352524,1.9341370265072104,8.176117105887561e-07
706,TaskD-TaskI-TaskN,110,864.9077110288443,1.635952725460868,4.7206081283027095e-07
707,TaskE-TaskJ-TaskO,48,1093.9118338705855,1.3948445002782695,8.595559858435637e-08
708,TaskC-TaskH-TaskM,92,798.6878017824196,1.9197526812899701,1.7439199626672102e-07
709,TaskA-TaskF-TaskK,184,955.1489682484861,1.3269146783009942,7.049362094343597e-08
710,TaskA-TaskF-TaskK,173,881.1646502540085,1.976522684324446,5.043099165541821e-07
711,TaskE-TaskJ-TaskO,103,932.804098085411,1.414741708692182,1.1527392437474489e-07
712,TaskE-TaskJ-TaskO,194,1086.545719826037,0.9371429239975754,1.229985696165358e-07
713,TaskB-TaskG-TaskL,158,881.1267255307588,1.7177611669511328,9.416377774379934e-07
714,TaskC-TaskH-TaskM,169,961.5352173855271,1.6146772700934087,8.739285214542949e-07
715,TaskC-TaskH-TaskM,191,899.3709496196838,1.727584065566704,4.5756573084325233e-07
716,TaskD-TaskI-TaskN,10,1288.7993331149091,1.9417304344708173,9.859472676417037e-07
717,TaskB-TaskG-TaskL,136,1068.522479642778,1.7317871631812216,1.0184662888956484e-08
718,TaskB-TaskG-TaskL,238,1044.013926593344,1.5336039226599762,6.178396617106599e-07
719,TaskB-TaskG-TaskL,48,1136.683700924685,1.828770682833009,6.202638955981514e-07
720,TaskB-TaskG-TaskL,61,881.1730846450226,1.6078957272254377,4.6286862531118937e-07
721,TaskC-TaskH-TaskM,252,1171.8514449999682,1.2897428681911078,4.0297849320494996e-07
722,TaskC-TaskH-TaskM,246,1069.2355491665483,1.862743717090128,4.6082930412580154e-07
723,TaskB-TaskG-TaskL,34,687.8218194491869,1.0662805529412474,4.208108317188837e-07
724,TaskD-TaskI-TaskN,26,714.3938333798471,1.657569529890469,7.331875527074764e-07
725,TaskA-TaskF-TaskK,173,885.5405894431868,1.8578761459289084,1.4400188062355123e-07
726,TaskA-TaskF-TaskK,141,735.798700826966,1.6775798236439554,2.0566282838521888e-07
727,TaskD-TaskI-TaskN,163,952.3443078600834,1.6367305028646282,1.8871304610849937e-07
728,TaskB-TaskG-TaskL,110,797.2524017168272,1.703165952886203,2.698458792700519e-07
729,TaskC-TaskH-TaskM,184,980.4553893858163,1.3580662979607734,5.300058345937675e-07
730,TaskA-TaskF-TaskK,161,1282.3418751862912,1.8490048185884311,1.2009665986483655e-07
731,TaskE-TaskJ-TaskO,42,990.124619288763,1.0441237701633095,8.694876023732392e-07
732,TaskE-TaskJ-TaskO,162,939.4071090196143,0.9528636992004071,3.0438791599538764e-07
733,TaskD-TaskI-TaskN,85,1077.6485295570687,1.1426105361422139,1.7091260759402079e-07
734,TaskB-TaskG-TaskL,103,860.7160414154794,1.4378928761299918,6.788650965022609e-07
735,TaskA-TaskF-TaskK,5,1168.6828618792,1.4126741544912056,4.770543759332609e-08
736,TaskB-TaskG-TaskL,209,1099.0425906248224,1.784718509211904,6.237688792254226e-07
737,TaskA-TaskF-TaskK,80,1007.7731124097128,1.285482387684821,7.012164463697349e-07
738,TaskD-TaskI-TaskN,224,1030.8631663267172,1.3812133115498104,2.22767366072852e-07
739,TaskD-TaskI-TaskN,15,1408.3491821125704,0.8160412199112748,5.154443270919794e-08
740,TaskE-TaskJ-TaskO,42,1188.4624420535736,1.2916870837315269,3.7000890533025514e-07
741,TaskB-TaskG-TaskL,197,1439.9053262322668,1.5773290795404105,1.0760828793951712e-07
742,TaskE-TaskJ-TaskO,227,1106.4060386584904,0.8186099967519107,1.2531307117660372e-07
743,TaskB-TaskG-TaskL,16,705.6617114658624,1.1370583582234925,2.617186191304159e-07
744,TaskE-TaskJ-TaskO,49,947.5652594272318,1.049547631147268,3.0251324538049175e-07
745,TaskC-TaskH-TaskM,158,659.9590250903868,0.8503825146915059,5.346706376112064e-07
746,TaskC-TaskH-TaskM,116,1105.6606069333836,1.3751121078974449,6.81607966647983e-07
747,TaskC-TaskH-TaskM,236,1149.0808394690803,1.0180679518737878,5.96843231461483e-07
748,TaskC-TaskH-TaskM,20,822.8168008081442,1.691697847557656,1.5687673391662165e-07
749,TaskA-TaskF-TaskK,107,868.8727240706294,1.8175134605160181,1.8036517212810018e-07
750,TaskC-TaskH-TaskM,226,1029.750179247043,1.4547022192029773,8.799815572949854e-07
751,TaskD-TaskI-TaskN,101,760.3791873471564,1.9780488110253698,5.627687919134725e-07
752,TaskD-TaskI-TaskN,191,745.3680461514934,1.3405742857647143,8.712384545687122e-07
753,TaskA-TaskF-TaskK,195,1247.7264096082242,1.4160418522698985,3.7783104620667564e-07
754,TaskC-TaskH-TaskM,91,1022.9421236327937,1.9870613047493002,6.182560073570107e-07
755,TaskC-TaskH-TaskM,112,888.3781284588088,1.0778581231580586,5.284267818940647e-07
756,TaskC-TaskH-TaskM,166,661.5762222885562,1.9310551276122863,3.25932254922258e-07
757,TaskE-TaskJ-TaskO,243,1170.4702713788945,0.851405066142936,4.7521621831325945e-07
758,TaskB-TaskG-TaskL,73,863.0963575566061,1.3356642683158337,5.074659680586628e-07
759,TaskE-TaskJ-TaskO,214,1372.1368891741076,0.8840042145596789,2.0876326500911183e-07
760,TaskB-TaskG-TaskL,161,1171.8620195386889,1.6750816914963718,3.2186026865296427e-07
761,TaskC-TaskH-TaskM,202,838.3716291185463,1.5300907230560212,7.934956530019059e-07
762,TaskC-TaskH-TaskM,77,856.9056605737056,1.6479611161611158,9.16630357059586e-07
763,TaskE-TaskJ-TaskO,236,1344.3702325888662,1.2493764799616205,3.6619615260984646e-07
764,TaskE-TaskJ-TaskO,227,983.1481106330991,1.2433783208376563,3.1390255938692803e-07
765,TaskB-TaskG-TaskL,229,897.337754335326,0.8543831347530736,2.0324519292616372e-07
766,TaskD-TaskI-TaskN,66,1005.544337695314,1.2199339274355678,6.817062569640754e-07
767,TaskB-TaskG-TaskL,159,896.4174699892419,1.9151460827144713,3.2986870464967394e-07
768,TaskE-TaskJ-TaskO,63,1048.2096954216331,1.2550718446165388,9.878720437081966e-07
769,TaskE-TaskJ-TaskO,82,984.8352756963474,1.797641247466364,3.3242795404331373e-07
770,TaskA-TaskF-TaskK,225,1175.1015961023018,1.8107906056999208,4.001946863148019e-07
771,TaskE-TaskJ-TaskO,40,922.2851793521747,1.2478893876550807,6.073008542499144e-07
772,TaskA-TaskF-TaskK,224,823.0367266620706,1.5583864164754269,8.03667450259392e-07
773,TaskD-TaskI-TaskN,25,930.2030606752829,0.9144459227276704,4.748234786921774e-07
774,TaskB-TaskG-TaskL,199,928.9832203551907,0.9244142968811319,4.284294734510688e-07
775,TaskB-TaskG-TaskL,151,984.4932369612013,0.858389196394056,9.9568145525886e-07
776,TaskA-TaskF-TaskK,99,1126.908057611445,1.4972181120501316,2.0388704728545e-08
777,TaskB-TaskG-TaskL,231,1115.9817934943842,1.3112851731513164,8.961146359627334e-07
778,TaskE-TaskJ-TaskO,245,1239.9317351717136,1.457638827997088,1.5764941768034008e-07
779,TaskC-TaskH-TaskM,71,837.7020644532952,1.4252878286100654,7.880660234468243e-07
780,TaskA-TaskF-TaskK,222,1077.7440246102217,1.2202435893088763,6.217522442478351e-07
781,TaskB-TaskG-TaskL,195,1145.463969404143,1.6129680977881675,3.484288126431112e-07
782,TaskA-TaskF-TaskK,20,865.1559187376272,1.7102022570996689,8.751362059658082e-07
783,TaskA-TaskF-TaskK,15,958.4737894035242,0.8175539106532109,2.2778155701182057e-08
784,TaskC-TaskH-TaskM,153,650.0044251562406,1.048690759722654,2.3442374555417447e-07
785,TaskE-TaskJ-TaskO,148,1181.371539025147,1.655883041700004,5.712238682870407e-07
786,TaskA-TaskF-TaskK,141,956.9003595360261,1.263944207160601,3.5802683744920105e-07
787,TaskB-TaskG-TaskL,121,1161.3128353362,1.59498073632993,6.142737203651444e-07
788,TaskD-TaskI-TaskN,196,1041.2099035759027,1.21635519168147,3.3869091474580156e-08
789,TaskA-TaskF-TaskK,25,962.9669542050253,1.2689061827955646,1.252943411768954e-07
790,TaskA-TaskF-TaskK,221,681.4394401295028,0.990414648427622,1.3582527781625485e-07
791,TaskC-TaskH-TaskM,123,717.009477856712,1.1098772235993921,1.9739080945684936e-07
792,TaskE-TaskJ-TaskO,254,481.37076313165153,1.5264941090091049,4.647381263925374e-07
793,TaskD-TaskI-TaskN,213,887.4773034342687,1.3197957335781996,7.546074125481355e-07
794,TaskB-TaskG-TaskL,53,1455.6497406362496,1.7291632195335143,9.064834495496122e-07
795,TaskD-TaskI-TaskN,17,742.4105220964001,1.8231019459260114,8.370188049814036e-07
796,TaskB-TaskG-TaskL,195,473.7136233160188,1.4499757018601118,2.0491899305792674e-07
797,TaskE-TaskJ-TaskO,178,1192.5337839171063,1.7099207504672709,4.467390467083261e-07
798,TaskB-TaskG-TaskL,32,1472.7435738593404,1.168285415833484,2.0741748178094967e-07
799,TaskC-TaskH-TaskM,207,1059.5842130519604,1.297965458480094,2.718270985005189e-07
800,TaskC-TaskH-TaskM,167,1057.746478943992,1.655333211460197,5.085115116967673e-07
801,TaskC-TaskH-TaskM,254,938.0235852712498,1.2634543913804368,7.742793447628731e-08
802,TaskC-TaskH-TaskM,230,641.148553897988,1.5062059221907866,2.259925862973405e-07
803,TaskD-TaskI-TaskN,183,709.8576164513047,1.0224473348990137,9.360243796940461e-07
804,TaskE-TaskJ-TaskO,128,936.6493341202963,1.5197255779645977,4.714551297319041e-07
805,TaskB-TaskG-TaskL,207,898.3089319940512,1.8338164486722723,4.509326607180935e-07
806,TaskB-TaskG-TaskL,10,976.9654144460116,1.8423675677881108,2.4421483203766113e-08
807,TaskC-TaskH-TaskM,32,1165.8649647856319,1.6692132875954475,2.5492574958776236e-07
808,TaskC-TaskH-TaskM,142,883.6324336165958,1.6949040548913512,8.676295116223595e-07
809,TaskA-TaskF-TaskK,36,1169.9433512809223,1.4695129341808408,1.7298214397608207e-07
810,TaskE-TaskJ-TaskO,137,884.942058019446,1.5016017081989896,4.209736901393739e-07
811,TaskD-TaskI-TaskN,114,1207.6479185731514,0.9603806976926217,2.4187596808331242e-08
812,TaskB-TaskG-TaskL,82,1017.2735134146847,1.3326310261055614,4.835521268538503e-07
813,TaskA-TaskF-TaskK,163,912.8339318156976,1.3409315406636366,3.0810895658954986e-08
814,TaskA-TaskF-TaskK,182,1013.8588121097779,1.9501974028012883,8.21413457535142e-07
815,TaskB-TaskG-TaskL,206,941.2922315684866,1.3173042351479474,8.266052298122326e-07
816,TaskD-TaskI-TaskN,61,1022.6268475359943,1.4592111738833093,7.898647664193462e-07
817,TaskA-TaskF-TaskK,218,1151.6212397034944,1.4399016791349228,2.9053042820220705e-07
818,TaskA-TaskF-TaskK,29,982.55688031687,1.5641140604531927,8.388648460395999e-07
819,TaskE-TaskJ-TaskO,229,926.0862294292438,1.697879397598275,5.475681512792166e-07
820,TaskD-TaskI-TaskN,177,775.2967590178341,1.0700502514050465,3.8007002777833247e-07
821,TaskA-TaskF-TaskK,229,1115.835603858343,1.434469302918123,6.290766601071907e-07
822,TaskD-TaskI-TaskN,32,1069.654445280545,1.7911012487792366,2.2217635599770266e-08
823,TaskB-TaskG-TaskL,7,763.6114298144958,1.3557376566050139,1.5153126882474465e-07
824,TaskC-TaskH-TaskM,212,1167.0988555841523,1.1341490556482876,7.448706027885602e-07
825,TaskA-TaskF-TaskK,102,760.3631934795328,1.585650890427559,2.517199926289915e-07
826,TaskE-TaskJ-TaskO,144,1205.8443582467787,1.7885208749589476,6.020290261554622e-07
827,TaskB-TaskG-TaskL,236,1137.5726654374037,0.8757683515128696,3.912515767947994e-07
828,TaskD-TaskI-TaskN,42,1083.9331045196138,1.7321485800886727,8.562577210112689e-07
829,TaskB-TaskG-TaskL,18,924.6009681665928,1.7859775195541254,9.528911529366772e-07
830,TaskA-TaskF-TaskK,122,1115.1559565332905,1.3538275131063282,8.847290810864885e-07
831,TaskD-TaskI-TaskN,32,1215.274399048236,1.9799667881821608,2.7791379474666074e-07
832,TaskC-TaskH-TaskM,160,1118.4703842216347,1.744050008848771,2.0222124035562145e-07
833,TaskB-TaskG-TaskL,78,865.9499956547525,1.728395077874799,4.796905446845276e-07
834,TaskA-TaskF-TaskK,119,1053.481396471093,1.6974062892944861,1.7260809327818473e-08
835,TaskE-TaskJ-TaskO,35,1226.4069972590073,0.9807297238619288,3.555129893454992e-08
836,TaskD-TaskI-TaskN,133,1439.8196361113405,1.060677063743613,5.577577332267701e-07
837,TaskB-TaskG-TaskL,178,958.9574051001607,1.3567881577573102,5.252449101236332e-07
838,TaskB-TaskG-TaskL,209,1171.576621226286,1.1168052199513592,9.946361691449072e-07
839,TaskC-TaskH-TaskM,87,1226.8961040168638,1.2982891668008485,2.0982341701012055e-07
840,TaskC-TaskH-TaskM,25,837.5190002020472,1.8661569319075049,2.6552288986886375e-07
841,TaskE-TaskJ-TaskO,206,1356.4156636122962,1.789192270255123,1.2240523590302383e-07
842,TaskE-TaskJ-TaskO,30,786.9630631833109,1.5560478541759788,9.183675795572073e-07
843,TaskA-TaskF-TaskK,198,1161.7971030065953,1.8297444731013242,7.800331320138663e-07
844,TaskA-TaskF-TaskK,84,1061.0639559094132,1.740526866820699,8.241157203422791e-07
845,TaskE-TaskJ-TaskO,129,1011.115111999632,1.3147819182090688,9.037361500848637e-07
846,TaskE-TaskJ-TaskO,239,1509.3666562897288,1.0412781824599342,5.296509868585799e-07
847,TaskD-TaskI-TaskN,187,939.7489529346398,1.417041248011207,4.566812595362165e-07
848,TaskC-TaskH-TaskM,95,936.5308814542783,1.6834746590342602,3.3708755892896035e-07
849,TaskA-TaskF-TaskK,224,1266.2957614795591,1.3237035184755115,5.93322468204377e-07
850,TaskC-TaskH-TaskM,24,1152.3607556173567,1.6001262917406767,4.5973561282192433e-07
851,TaskC-TaskH-TaskM,50,1256.4197841917107,0.9131929115492524,4.570499307395194e-07
852,TaskE-TaskJ-TaskO,211,1023.3738764682226,1.697605683645684,9.375585850938276e-07
853,TaskD-TaskI-TaskN,104,1063.3885234024326,1.7752563438716744,9.841911991363388e-07
854,TaskB-TaskG-TaskL,190,1380.1871225989148,1.6482054269366495,7.98519545436285e-07
855,TaskD-TaskI-TaskN,87,832.8091840838607,1.9607163050316387,7.59190509344459e-07
856,TaskD-TaskI-TaskN,9,979.4245911816679,1.7919824689527686,6.837525801613105e-07
857,TaskC-TaskH-TaskM,150,1159.650814285089,1.883712473451846,1.744141038101786e-07
858,TaskD-TaskI-TaskN,188,960.8278359824325,1.9202853001491778,6.851476266689798e-08
859,TaskA-TaskF-TaskK,200,885.9708241433929,1.7616175902485702,6.938190519621305e-07
860,TaskC-TaskH-TaskM,134,1123.6969025573044,1.6091106104077988,7.314983600340103e-07
861,TaskA-TaskF-TaskK,254,1267.1611332982989,0.8068622976329471,5.6503261187158395e-08
862,TaskB-TaskG-TaskL,4,971.8331274388286,1.3589909038677497,9.287712327265597e-07
863,TaskC-TaskH-TaskM,61,966.2820758378502,1.4853947583468332,1.0022923305023076e-07
864,TaskB-TaskG-TaskL,127,870.4623948633139,1.1648363269375996,2.930415284334904e-07
865,TaskC-TaskH-TaskM,169,940.8046313188531,1.1817253362841664,6.756659146707175e-07
866,TaskE-TaskJ-TaskO,18,1216.721215966037,1.9533912988521982,1.781738684604316e-07
867,TaskD-TaskI-TaskN,165,1016.2125741387314,1.8700530382432952,6.486172955782199e-08
868,TaskE-TaskJ-TaskO,192,839.0018678139423,1.819014806602045,3.378350242725083e-07
869,TaskB-TaskG-TaskL,166,1052.4724760647325,1.2872141620473327,7.683118591066273e-07
870,TaskD-TaskI-TaskN,67,1210.238802197208,0.8164382604906975,4.195418921954078e-07
871,TaskC-TaskH-TaskM,244,887.6228672905143,0.8962666957468569,6.5644319268886e-07
872,TaskD-TaskI-TaskN,28,734.2789560808874,1.1746356418611243,5.838229062558553e-07
873,TaskA-TaskF-TaskK,27,1438.1650319745504,0.8188914955948124,3.199629720532461e-08
874,TaskD-TaskI-TaskN,15,724.2941299913506,0.8205797382982378,9.886545871752495e-07
875,TaskA-TaskF-TaskK,21,928.1954872288429,1.8999239619708932,5.1013807931193874e-08
876,TaskD-TaskI-TaskN,18,1046.425702371734,1.6473902025428648,9.68124710272e-07
877,TaskA-TaskF-TaskK,239,945.5144597511418,1.1707471880817832,5.543655365807542e-07
878,TaskB-TaskG-TaskL,211,985.0178310689962,0.9591734931211439,9.635274367944159e-07
879,TaskE-TaskJ-TaskO,30,1115.3676335749187,1.4139628614740927,1.2360606341969711e-07
880,TaskC-TaskH-TaskM,75,521.6556684574413,0.8064153930252373,4.955044339936581e-07
881,TaskD-TaskI-TaskN,63,746.6211056952297,1.9260964926297728,1.7780905094739806e-07
882,TaskE-TaskJ-TaskO,177,1008.8518772140658,1.2977781432667368,6.046512825221799e-08
883,TaskC-TaskH-TaskM,220,919.156597605278,1.2828019462847993,6.213538239116884e-07
884,TaskC-TaskH-TaskM,148,1025.8822516551195,1.2687123290981386,2.1570558675207454e-07
885,TaskA-TaskF-TaskK,96,1045.5306565262608,0.8831939964653177,5.918200481046705e-07
886,TaskB-TaskG-TaskL,56,576.8160009058015,1.565986687750192,1.2124083712949578e-07
887,TaskB-TaskG-TaskL,11,1254.7280664303294,1.6796043435540242,3.3866660671837576e-07
888,TaskE-TaskJ-TaskO,82,900.34642337993,1.6113504771059484,7.838162324727147e-07
889,TaskB-TaskG-TaskL,30,826.8973630447987,0.9661225919952732,4.426810066237658e-07
890,TaskD-TaskI-TaskN,177,1041.6710591918559,1.4946082016427111,6.314679607483631e-07
891,TaskB-TaskG-TaskL,53,1021.4320455564487,1.4833813810067045,6.509833613380905e-07
892,TaskE-TaskJ-TaskO,247,1239.3381635309277,1.8420929455296584,8.453174935474208e-07
893,TaskB-TaskG-TaskL,202,1054.3746325540035,1.2549531900507764,3.316735664625749e-07
894,TaskD-TaskI-TaskN,134,1231.6221696048601,1.245783132391321,6.904226069566924e-07
895,TaskA-TaskF-TaskK,96,812.3645249144589,1.5422324704618227,9.61999648975704e-07
896,TaskE-TaskJ-TaskO,195,1028.3722110415,1.5596871841994155,7.329409010142894e-07
897,TaskA-TaskF-TaskK,175,777.0504585350221,1.3631422727909484,4.949717719505672e-07
898,TaskA-TaskF-TaskK,184,1019.5351711120559,1.3316712347965054,6.3441027004701e-07
899,TaskA-TaskF-TaskK,27,977.1424088796228,1.3929772047654594,7.422860687854771e-07
900,TaskC-TaskH-TaskM,63,968.5405149598193,1.8332543594039743,6.161530080369337e-07
901,TaskC-TaskH-TaskM,125,970.2944895276735,1.3534002815046922,2.6509055354940763e-08
902,TaskA-TaskF-TaskK,134,1147.2778940369194,1.927918150363787,2.0282576271035362e-07
903,TaskE-TaskJ-TaskO,151,678.5280685994841,1.4048045163155911,8.123635350433115e-07
904,TaskD-TaskI-TaskN,49,820.0424274431655,1.9390408318170698,2.7992414083935985e-07
905,TaskD-TaskI-TaskN,18,991.8856346509649,1.799398282242891,7.342464983655227e-07
906,TaskB-TaskG-TaskL,156,764.26738210575,1.234917587138995,3.7839901308928174e-07
907,TaskE-TaskJ-TaskO,225,1009.2228212402088,1.8363697055559391,5.266654848763638e-07
908,TaskC-TaskH-TaskM,209,989.8294957517851,0.9320759410413383,7.729356682120966e-08
909,TaskA-TaskF-TaskK,202,719.2486709894833,1.9100566104116175,1.8941330543921247e-07
910,TaskB-TaskG-TaskL,20,709.3669707491445,1.55797221809947,9.576249938840422e-07
911,TaskD-TaskI-TaskN,129,475.2423528901469,0.8652688982267734,8.912366729124449e-07
912,TaskC-TaskH-TaskM,239,755.8659900636173,1.5731080683809737,6.557523597900597e-07
913,TaskC-TaskH-TaskM,87,1002.86465164212,1.9690971849737073,4.6504815141188006e-07
914,TaskA-TaskF-TaskK,231,1031.2375645881755,0.8837607855375548,6.790036799662716e-07
915,TaskD-TaskI-TaskN,12,1040.37991192569,1.4656252517361037,6.224241862029996e-07
916,TaskE-TaskJ-TaskO,169,844.4162374665239,1.697353219711247,5.72866733048566e-07
917,TaskC-TaskH-TaskM,179,996.3393031957021,1.7723103040394377,6.858530114490641e-08
918,TaskA-TaskF-TaskK,252,1079.4489218482906,1.296592958384955,6.364745845548919e-07
919,TaskE-TaskJ-TaskO,191,746.3928900997694,1.0449998710018917,7.712308441254567e-07
920,TaskD-TaskI-TaskN,66,1024.665814878108,0.8508107345268606,9.941408380991196e-07
921,TaskC-TaskH-TaskM,217,1131.2962423670183,1.4956713885166697,2.0967767068366578e-08
922,TaskE-TaskJ-TaskO,249,901.8455740354239,1.343493284321133,7.328717187775699e-07
923,TaskE-TaskJ-TaskO,248,1212.4468660699206,1.9384932741796532,5.760714227766208e-07
924,TaskE-TaskJ-TaskO,120,906.513131235006,0.8727258892578917,4.3971165432014714e-07
925,TaskC-TaskH-TaskM,133,827.987828975385,1.6224744121352068,1.3629447282565718e-07
926,TaskC-TaskH-TaskM,91,1111.368235710584,0.8299594665440686,4.149942971485275e-07
927,TaskB-TaskG-TaskL,75,1406.6587538932913,1.0057210120526514,3.6083341115627395e-07
928,TaskD-TaskI-TaskN,142,1017.0707237775619,1.3442947999074009,3.098015900889548e-07
929,TaskA-TaskF-TaskK,67,1126.981560822744,1.3458469313634418,7.335708270889857e-07
930,TaskE-TaskJ-TaskO,208,898.2565557804312,1.6228406515203728,7.037182660714212e-07
931,TaskB-TaskG-TaskL,212,751.6767560407944,1.892255641841308,5.931298900711025e-07
932,TaskA-TaskF-TaskK,75,1033.2531291801467,1.566838590697905,9.392781651604386e-07
933,TaskB-TaskG-TaskL,24,1064.8799943575823,1.9442421174218105,3.5635584033904595e-07
934,TaskC-TaskH-TaskM,21,928.4177819237675,1.8579387678535972,2.513639183330778e-07
935,TaskE-TaskJ-TaskO,225,1126.211303604301,1.5013997546369482,6.593442799674156e-07
936,TaskA-TaskF-TaskK,67,869.183998037136,1.8005503411025927,2.0682592032802894e-07
937,TaskA-TaskF-TaskK,85,819.5827468296516,1.571093132388361,3.2186040211159037e-07
938,TaskA-TaskF-TaskK,113,1212.128586097233,0.8942693971084726,2.3235641567413602e-07
939,TaskA-TaskF-TaskK,242,1213.069525308326,1.688677667911412,7.846203204131622e-08
940,TaskA-TaskF-TaskK,98,873.1313788328642,0.9138901295208155,8.292237542193167e-07
941,TaskB-TaskG-TaskL,169,1343.7700980809643,1.512899336683655,2.619951374924446e-07
942,TaskE-TaskJ-TaskO,35,942.5786614939501,1.6431682470298745,4.782972283095905e-07
943,TaskC-TaskH-TaskM,14,1016.9565729287917,0.8798331298530263,5.2882120521768836e-08
944,TaskC-TaskH-TaskM,48,983.0694916303145,1.076953584711838,7.023460715901167e-07
945,TaskC-TaskH-TaskM,220,1104.752043489136,1.89880667871398,3.372553922832279e-07
946,TaskC-TaskH-TaskM,36,1054.2842987601884,1.5395773906794756,7.472893605509179e-07
947,TaskB-TaskG-TaskL,255,1051.5924323163315,1.0955432225726378,4.182790298631875e-07
948,TaskD-TaskI-TaskN,105,796.0876736560228,1.628815725377608,2.037980503415684e-07
949,TaskE-TaskJ-TaskO,172,662.2875366420631,1.5161317039540276,5.180433314592155e-07
950,TaskA-TaskF-TaskK,139,1228.4320056505724,1.401890839901538,1.3919951404106541e-07
951,TaskD-TaskI-TaskN,14,890.9108002120513,1.9714243699857004,4.461337682742648e-07
952,TaskC-TaskH-TaskM,217,990.1933253133044,1.6201445328890107,3.241324226462817e-07
953,TaskD-TaskI-TaskN,182,1065.3597819779561,1.2505293316014952,9.128399883576369e-07
954,TaskE-TaskJ-TaskO,91,1325.8019206698536,1.7600881184922414,7.031943450351275e-08
955,TaskA-TaskF-TaskK,44,1032.2715849285016,1.8614999515054254,6.970772399646846e-07
956,TaskA-TaskF-TaskK,148,921.0404874151806,0.9502646714201978,1.9092365432756158e-07
957,TaskE-TaskJ-TaskO,79,895.2911237426285,1.04066357341432,3.2585462358891746e-07
958,TaskE-TaskJ-TaskO,124,992.5286317516122,1.0594724109533358,4.213589224314453e-07
959,TaskC-TaskH-TaskM,49,818.1270460718774,1.6294541712638484,9.089349384812245e-07
960,TaskA-TaskF-TaskK,163,1005.7751446298021,1.5236474660639399,2.501524834130869e-07
961,TaskD-TaskI-TaskN,210,989.5960623083972,1.542789877638306,1.0039571451922352e-07
962,TaskB-TaskG-TaskL,83,1328.3053897288303,1.9289279596274012,3.255027079506184e-07
963,TaskB-TaskG-TaskL,57,983.2797722818158,1.7310938393687672,1.1362921083017801e-07
964,TaskE-TaskJ-TaskO,89,615.1023677902301,0.9535243094141399,1.37310521100947e-07
965,TaskC-TaskH-TaskM,95,1534.7021940792956,1.2170084989102172,5.781120919952765e-07
966,TaskB-TaskG-TaskL,151,1191.3667462312194,1.3224723754108827,7.029291376849839e-08
967,TaskA-TaskF-TaskK,164,1416.4697488191168,1.2751539064971258,4.062157257963038e-08
968,TaskE-TaskJ-TaskO,205,768.5360026031032,1.603170330994255,7.172699604557929e-07
969,TaskD-TaskI-TaskN,171,955.6346437487416,1.870271723907875,3.680306238926341e-07
970,TaskE-TaskJ-TaskO,163,1134.8802482988638,1.1672617562273455,1.3412159574153457e-07
971,TaskD-TaskI-TaskN,245,1107.2782744568917,1.4622525637054227,2.6107664315111116e-07
972,TaskE-TaskJ-TaskO,255,1061.3875414719103,1.7472913062963027,6.456656422788751e-07
973,TaskE-TaskJ-TaskO,100,560.0778562998892,1.2994616706144193,2.8278120146944266e-07
974,TaskE-TaskJ-TaskO,5,657.5121084871373,1.0017417540791551,4.995759138692039e-07
975,TaskD-TaskI-TaskN,228,1303.5040218127745,1.369941158316498,1.3047835365940556e-07
976,TaskD-TaskI-TaskN,36,1339.0659065739378,0.8662670248916342,5.922127012293925e-07
977,TaskE-TaskJ-TaskO,236,978.6697417127209,1.9308601448027323,3.2291690700483146e-07
978,TaskB-TaskG-TaskL,208,1278.0854948812764,0.8897854462339677,6.306987501834294e-07
979,TaskC-TaskH-TaskM,161,795.3544467713405,1.326148058300694,8.103109334809827e-07
980,TaskC-TaskH-TaskM,164,841.1147893062639,1.4358575133062315,6.155299551960926e-07
981,TaskC-TaskH-TaskM,80,779.5439356273702,1.9823645987447425,3.0279008696907046e-07
982,TaskD-TaskI-TaskN,119,830.0160908622707,0.999226188371433,2.631862645328174e-07
983,TaskD-TaskI-TaskN,157,1144.539201904524,0.9373178223348303,3.341467491461136e-07
984,TaskB-TaskG-TaskL,153,827.5295253873111,0.8104473764750524,1.7297430810413982e-07
985,TaskC-TaskH-TaskM,106,1447.9486079855728,0.9866857242431628,1.893601323415199e-07
986,TaskC-TaskH-TaskM,197,1092.0141212694875,1.0487275748812013,7.927841908811662e-07
987,TaskE-TaskJ-TaskO,169,1216.9054092990177,1.5566971298997108,3.9088525074237054e-07
988,TaskD-TaskI-TaskN,106,1097.9881165600145,1.0636481484696805,4.4163522876488e-07
989,TaskC-TaskH-TaskM,93,1242.8539300918558,0.8246249776751903,5.98108970911143e-07
990,TaskB-TaskG-TaskL,177,826.4000000922906,1.7919420146029865,5.937569602000322e-07
991,TaskB-TaskG-TaskL,125,1289.3867076399115,1.2387148412047602,7.670310280670647e-08
992,TaskC-TaskH-TaskM,245,1028.1877771182874,1.2244360238968808,8.33225378474289e-07
993,TaskD-TaskI-TaskN,146,1241.8532221937478,1.1629748350015119,1.8555328769170005e-07
994,TaskB-TaskG-TaskL,229,712.0871893247631,1.970447932575705,7.258409196891721e-07
995,TaskE-TaskJ-TaskO,109,1036.1166413216727,1.0041385007711379,7.74944278246885e-07
996,TaskB-TaskG-TaskL,122,1029.047743356333,1.877885676743882,7.177505387504005e-07
997,TaskA-TaskF-TaskK,175,876.1527070041117,1.7321639985678656,5.831878700886038e-07
998,TaskA-TaskF-TaskK,52,1062.6237659494527,0.8917759465991757,2.4462907137794032e-08
999,TaskD-TaskI-TaskN,107,1307.921369600303,1.9840749218010185,3.66771737439539e-07
1000,TaskC-TaskH-TaskM,206,860.7695282073757,1.1256391562468127,6.087910350689555e-07